iteration,para_a,para_b,f_beta,TP,FP,FN,TN,precision,recall
1,0.0,2,0.8222440914861662,97,203,0,0,0.3233333333333333,0.9923856258392334
2,0.0,3,0.8212203156768072,97,203,0,0,0.3233333333333333,0.9907293319702148
3,0.0,4,0.8164626055926937,97,203,0,0,0.3233333333333333,0.9830505847930908
4,0.0,5,0.8096248916611553,97,203,0,0,0.3233333333333333,0.9720675945281982
5,0.0,6,0.8027483031363731,97,203,0,0,0.3233333333333333,0.9610844850540161
6,0.0,7,0.7958327333805083,97,203,0,0,0.3233333333333333,0.9501016139984131
7,0.0,8,0.7888776228793971,97,203,0,0,0.3233333333333333,0.9391186237335205
8,0.0,9,0.7818825554023198,97,203,0,0,0.3233333333333333,0.9281353950500488
9,0.0,10,0.7748475685225513,97,203,0,0,0.3233333333333333,0.9171525239944458
10,0.00010094674556213017,2,0.8222398195774423,97,203,0,0,0.3233333333333333,0.9923787117004395
11,0.00010094674556213017,3,0.8212128703348299,97,203,0,0,0.3233333333333333,0.9907172918319702
12,0.00010094674556213017,4,0.8161725368995769,97,203,0,0,0.3233333333333333,0.9825834035873413
13,0.00010094674556213017,5,0.8093331048013787,97,203,0,0,0.3233333333333333,0.9716002941131592
14,0.00010094674556213017,6,0.8024549329693057,97,203,0,0,0.3233333333333333,0.9606173038482666
15,0.00010094674556213017,7,0.7955376160327308,97,203,0,0,0.3233333333333333,0.949634313583374
16,0.00010094674556213017,8,0.7885808188636323,97,203,0,0,0.3233333333333333,0.9386513233184814
17,0.00010094674556213017,9,0.7815842786561399,97,203,0,0,0.3233333333333333,0.9276684522628784
18,0.00010094674556213017,10,0.7745474240787217,97,203,0,0,0.3233333333333333,0.9166853427886963
19,0.00020189349112426035,2,0.8222354739995881,97,203,0,0,0.3233333333333333,0.992371678352356
20,0.00020189349112426035,3,0.8212054249468903,97,203,0,0,0.3233333333333333,0.9907052516937256
21,0.00020189349112426035,4,0.8158823985710053,97,203,0,0,0.3233333333333333,0.9821162223815918
22,0.00020189349112426035,5,0.8090413966021371,97,203,0,0,0.3233333333333333,0.9711332321166992
23,0.00020189349112426035,6,0.8021614919744801,97,203,0,0,0.3233333333333333,0.9601501226425171
24,0.00020189349112426035,7,0.7952425778391371,97,203,0,0,0.3233333333333333,0.9491672515869141
25,0.00020189349112426035,8,0.7882840185065574,97,203,0,0,0.3233333333333333,0.9381841421127319
26,0.00020189349112426035,9,0.7812857769621582,97,203,0,0,0.3233333333333333,0.9272012710571289
27,0.00020189349112426035,10,0.7742472063396239,97,203,0,0,0.3233333333333333,0.9162181615829468
28,0.0003028402366863905,2,0.8222311284060696,97,203,0,0,0.3233333333333333,0.9923646450042725
29,0.0003028402366863905,3,0.8211978320781889,97,203,0,0,0.3233333333333333,0.9906929731369019
30,0.0003028402366863905,4,0.8155921165214672,97,203,0,0,0.3233333333333333,0.9816489219665527
31,0.0003028402366863905,5,0.8087494692246847,97,203,0,0,0.3233333333333333,0.9706659317016602
32,0.0003028402366863905,6,0.8018679801262436,97,203,0,0,0.3233333333333333,0.9596829414367676
33,0.0003028402366863905,7,0.7949473928913301,97,203,0,0,0.3233333333333333,0.9487000703811646
34,0.0003028402366863905,8,0.7879871460758086,97,203,0,0,0.3233333333333333,0.9377169609069824
35,0.0003028402366863905,9,0.7809872025738599,97,203,0,0,0.3233333333333333,0.9267340898513794
36,0.0003028402366863905,10,0.7739468386446374,97,203,0,0,0.3233333333333333,0.9157508611679077
37,0.0004037869822485207,2,0.8222268564514101,97,203,0,0,0.3233333333333333,0.9923577308654785
38,0.0004037869822485207,3,0.8211903128795518,97,203,0,0,0.3233333333333333,0.9906808137893677
39,0.0004037869822485207,4,0.8153019129071708,97,203,0,0,0.3233333333333333,0.9811818599700928
40,0.0004037869822485207,5,0.8084574715323865,97,203,0,0,0.3233333333333333,0.9701986312866211
41,0.0004037869822485207,6,0.801574397398931,97,203,0,0,0.3233333333333333,0.9592157602310181
42,0.0004037869822485207,7,0.7946520611086383,97,203,0,0,0.3233333333333333,0.9482327699661255
43,0.0004037869822485207,8,0.7876901257654413,97,203,0,0,0.3233333333333333,0.9372496604919434
44,0.0004037869822485207,9,0.7806883268220436,97,203,0,0,0.3233333333333333,0.9262665510177612
45,0.0004037869822485207,10,0.7736463975632231,97,203,0,0,0.3233333333333333,0.9152835607528687
46,0.0005047337278106509,2,0.8222225844816127,97,203,0,0,0.3233333333333333,0.9923508167266846
47,0.0005047337278106509,3,0.8211829410706732,97,203,0,0,0.3233333333333333,0.9906688928604126
48,0.0005047337278106509,4,0.8150114914257062,97,203,0,0,0.3233333333333333,0.9807145595550537
49,0.0005047337278106509,5,0.8081655525320758,97,203,0,0,0.3233333333333333,0.9697315692901611
50,0.0005047337278106509,6,0.8012806688270581,97,203,0,0,0.3233333333333333,0.958748459815979
51,0.0005047337278106509,7,0.7943568838787892,97,203,0,0,0.3233333333333333,0.9477658271789551
52,0.0005047337278106509,8,0.787393033292055,97,203,0,0,0.3233333333333333,0.9367823600769043
53,0.0005047337278106509,9,0.7803896069097261,97,203,0,0,0.3233333333333333,0.9257993698120117
54,0.0005047337278106509,10,0.7733460364109269,97,203,0,0,0.3233333333333333,0.9148164987564087
55,0.000605680473372781,2,0.8222182388416317,97,203,0,0,0.3233333333333333,0.9923437833786011
56,0.000605680473372781,3,0.8211754217791981,97,203,0,0,0.3233333333333333,0.9906567335128784
57,0.000605680473372781,4,0.8147210742866109,97,203,0,0,0.3233333333333333,0.9802473783493042
58,0.000605680473372781,5,0.8078735632378883,97,203,0,0,0.3233333333333333,0.9692645072937012
59,0.000605680473372781,6,0.8009870192043548,97,203,0,0,0.3233333333333333,0.958281397819519
60,0.000605680473372781,7,0.7940613336425105,97,203,0,0,0.3233333333333333,0.9472984075546265
61,0.000605680473372781,8,0.7870960202623823,97,203,0,0,0.3233333333333333,0.9363152980804443
62,0.000605680473372781,9,0.7800908904747167,97,203,0,0,0.3233333333333333,0.9253323078155518
63,0.000605680473372781,10,0.773045448513425,97,203,0,0,0.3233333333333333,0.9143491983413696
64,0.0007066272189349113,2,0.822213893185986,97,203,0,0,0.3233333333333333,0.9923367500305176
65,0.0007066272189349113,3,0.8211679761600744,97,203,0,0,0.3233333333333333,0.9906446933746338
66,0.0007066272189349113,4,0.8144305873865408,97,203,0,0,0.3233333333333333,0.9797801971435547
67,0.0007066272189349113,5,0.8075812799683751,97,203,0,0,0.3233333333333333,0.9687970876693726
68,0.0007066272189349113,6,0.8006931487096808,97,203,0,0,0.3233333333333333,0.95781409740448
69,0.0007066272189349113,7,0.7937657117691904,97,203,0,0,0.3233333333333333,0.9468309879302979
70,0.0007066272189349113,8,0.7867988592558268,97,203,0,0,0.3233333333333333,0.9358481168746948
71,0.0007066272189349113,9,0.7797921012762146,97,203,0,0,0.3233333333333333,0.9248652458190918
72,0.0007066272189349113,10,0.7727447871487748,97,203,0,0,0.3233333333333333,0.9138818979263306
73,0.0008075739644970414,2,0.8222096211702522,97,203,0,0,0.3233333333333333,0.9923298358917236
74,0.0008075739644970414,3,0.8209523281386686,97,203,0,0,0.3233333333333333,0.9902960062026978
75,0.0008075739644970414,4,0.8141400307003571,97,203,0,0,0.3233333333333333,0.9793130159378052
76,0.0008075739644970414,5,0.8072891499563696,97,203,0,0,0.3233333333333333,0.9683300256729126
77,0.0008075739644970414,6,0.8003993571851818,97,203,0,0,0.3233333333333333,0.95734703540802
78,0.0008075739644970414,7,0.7934701690766254,97,203,0,0,0.3233333333333333,0.9463638067245483
79,0.0008075739644970414,8,0.7865016260441818,97,203,0,0,0.3233333333333333,0.9353809356689453
80,0.0008075739644970414,9,0.779493010422071,97,203,0,0,0.3233333333333333,0.9243978261947632
81,0.0008075739644970414,10,0.7724442057449346,97,203,0,0,0.3233333333333333,0.9134148359298706
82,0.0009085207100591715,2,0.8222052754835425,97,203,0,0,0.3233333333333333,0.9923228025436401
83,0.0009085207100591715,3,0.8206633362066357,97,203,0,0,0.3233333333333333,0.9898288249969482
84,0.0009085207100591715,4,0.8138494042029086,97,203,0,0,0.3233333333333333,0.9788458347320557
85,0.0009085207100591715,5,0.8069968749863023,97,203,0,0,0.3233333333333333,0.9678628444671631
86,0.0009085207100591715,6,0.8001052696525611,97,203,0,0,0.3233333333333333,0.9568796157836914
87,0.0009085207100591715,7,0.7931745547680369,97,203,0,0,0.3233333333333333,0.9458966255187988
88,0.0009085207100591715,8,0.7862043206011273,97,203,0,0,0.3233333333333333,0.9349137544631958
89,0.0009085207100591715,9,0.7791939992539183,97,203,0,0,0.3233333333333333,0.9239306449890137
90,0.0009085207100591715,10,0.7721434741488789,97,203,0,0,0.3233333333333333,0.9129476547241211
91,0.0010094674556213018,2,0.8222010034372708,97,203,0,0,0.3233333333333333,0.9923158884048462
92,0.0010094674556213018,3,0.8203742750265505,97,203,0,0,0.3233333333333333,0.9893616437911987
93,0.0010094674556213018,4,0.8135587078690324,97,203,0,0,0.3233333333333333,0.9783786535263062
94,0.0010094674556213018,5,0.8067044549788184,97,203,0,0,0.3233333333333333,0.967395544052124
95,0.0010094674556213018,6,0.7998113361052598,97,203,0,0,0.3233333333333333,0.9564125537872314
96,0.0010094674556213018,7,0.7928788688173909,97,203,0,0,0.3233333333333333,0.9454294443130493
97,0.0010094674556213018,8,0.7859067911198468,97,203,0,0,0.3233333333333333,0.9344463348388672
98,0.0010094674556213018,9,0.7788949915309673,97,203,0,0,0.3233333333333333,0.9234635829925537
99,0.0010094674556213018,10,0.7718427458073185,97,203,0,0,0.3233333333333333,0.9124805927276611
100,0.001110414201183432,2,0.8221966577194967,97,203,0,0,0.3233333333333333,0.9923088550567627
101,0.001110414201183432,3,0.8200851445735203,97,203,0,0,0.3233333333333333,0.9888944625854492
102,0.001110414201183432,4,0.8132678674706587,97,203,0,0,0.3233333333333333,0.9779113531112671
103,0.001110414201183432,5,0.8064120391023321,97,203,0,0,0.3233333333333333,0.9669283628463745
104,0.001110414201183432,6,0.7995172564866116,97,203,0,0,0.3233333333333333,0.9559453725814819
105,0.001110414201183432,7,0.7925831866754082,97,203,0,0,0.3233333333333333,0.9449623823165894
106,0.001110414201183432,8,0.7856094170067576,97,203,0,0,0.3233333333333333,0.9339792728424072
107,0.001110414201183432,9,0.7785958345937403,97,203,0,0,0.3233333333333333,0.9229964017868042
108,0.001110414201183432,10,0.7715418671821533,97,203,0,0,0.3233333333333333,0.9120134115219116
109,0.001211360946745562,2,0.8221923856426868,97,203,0,0,0.3233333333333333,0.9923019409179688
110,0.001211360946745562,3,0.8197958710195232,97,203,0,0,0.3233333333333333,0.9884271621704102
111,0.001211360946745562,4,0.8129770313705534,97,203,0,0,0.3233333333333333,0.9774441719055176
112,0.001211360946745562,5,0.8061195527434158,97,203,0,0,0.3233333333333333,0.966461181640625
113,0.001211360946745562,6,0.7992230307164466,97,203,0,0,0.3233333333333333,0.9554780721664429
114,0.001211360946745562,7,0.7922872818857262,97,203,0,0,0.3233333333333333,0.9444950819015503
115,0.001211360946745562,8,0.7853118946929707,97,203,0,0,0.3233333333333333,0.9335120916366577
116,0.001211360946745562,9,0.7782966047226929,97,203,0,0,0.3233333333333333,0.9225292205810547
117,0.001211360946745562,10,0.7712408381901104,97,203,0,0,0.3233333333333333,0.9115461111068726
118,0.0013123076923076923,2,0.822188039893848,97,203,0,0,0.3233333333333333,0.9922949075698853
119,0.0013123076923076923,3,0.8195066757489947,97,203,0,0,0.3233333333333333,0.9879601001739502
120,0.0013123076923076923,4,0.812686125358452,97,203,0,0,0.3233333333333333,0.9769769906997681
121,0.0013123076923076923,5,0.8058269212166861,97,203,0,0,0.3233333333333333,0.9659938812255859
122,0.0013123076923076923,6,0.798928808884171,97,203,0,0,0.3233333333333333,0.9550108909606934
123,0.0013123076923076923,7,0.7919913808525761,97,203,0,0,0.3233333333333333,0.9440279006958008
124,0.0013123076923076923,8,0.7850143759879622,97,203,0,0,0.3233333333333333,0.9330450296401978
125,0.0013123076923076923,9,0.7779972255095914,97,203,0,0,0.3233333333333333,0.9220619201660156
126,0.0013123076923076923,10,0.770939735569137,97,203,0,0,0.3233333333333333,0.9110788106918335
127,0.0014132544378698225,2,0.8221837677864998,97,203,0,0,0.3233333333333333,0.9922879934310913
128,0.0014132544378698225,3,0.8192172634891461,97,203,0,0,0.3233333333333333,0.9874927997589111
129,0.0014132544378698225,4,0.812395149409143,97,203,0,0,0.3233333333333333,0.9765098094940186
130,0.0014132544378698225,5,0.8055343684763369,97,203,0,0,0.3233333333333333,0.965526819229126
131,0.0014132544378698225,6,0.7986345159154711,97,203,0,0,0.3233333333333333,0.9545437097549438
132,0.0014132544378698225,7,0.7916954080731055,97,203,0,0,0.3233333333333333,0.9435607194900513
133,0.0014132544378698225,8,0.7847165570644624,97,203,0,0,0.3233333333333333,0.9325776100158691
134,0.0014132544378698225,9,0.7776977732720471,97,203,0,0,0.3233333333333333,0.9215946197509766
135,0.0014132544378698225,10,0.7706386361322942,97,203,0,0,0.3233333333333333,0.910611629486084
136,0.0015142011834319525,2,0.822179495664013,97,203,0,0,0.3233333333333333,0.9922810792922974
137,0.0015142011834319525,3,0.8189278556774654,97,203,0,0,0.3233333333333333,0.9870256185531616
138,0.0015142011834319525,4,0.812104103497403,97,203,0,0,0.3233333333333333,0.976042628288269
139,0.0015142011834319525,5,0.8052415958212588,97,203,0,0,0.3233333333333333,0.9650595188140869
140,0.0015142011834319525,6,0.798340151784545,97,203,0,0,0.3233333333333333,0.9540765285491943
141,0.0015142011834319525,7,0.7913993635212166,97,203,0,0,0.3233333333333333,0.9430935382843018
142,0.0015142011834319525,8,0.7844188176425608,97,203,0,0,0.3233333333333333,0.9321104288101196
143,0.0015142011834319525,9,0.7773984008209945,97,203,0,0,0.3233333333333333,0.9211275577545166
144,0.0015142011834319525,10,0.7703374630500698,97,203,0,0,0.3233333333333333,0.9101444482803345
145,0.0016151479289940828,2,0.8221751498687092,97,203,0,0,0.3233333333333333,0.9922740459442139
146,0.0016151479289940828,3,0.8186383784681907,97,203,0,0,0.3233333333333333,0.9865584373474121
147,0.0016151479289940828,4,0.8118129875979961,97,203,0,0,0.3233333333333333,0.9755754470825195
148,0.0016151479289940828,5,0.8049488272596244,97,203,0,0,0.3233333333333333,0.9645923376083374
149,0.0016151479289940828,6,0.7980457164655783,97,203,0,0,0.3233333333333333,0.9536093473434448
150,0.0016151479289940828,7,0.7911031716024743,97,203,0,0,0.3233333333333333,0.9426262378692627
151,0.0016151479289940828,8,0.784121081805669,97,203,0,0,0.3233333333333333,0.9316433668136597
152,0.0016151479289940828,9,0.777098878929146,97,203,0,0,0.3233333333333333,0.9206603765487671
153,0.0016151479289940828,10,0.7700362162954412,97,203,0,0,0.3233333333333333,0.909677267074585
154,0.001716094674556213,2,0.8221708040577398,97,203,0,0,0.3233333333333333,0.9922670125961304
155,0.001716094674556213,3,0.8183488318363573,97,203,0,0,0.3233333333333333,0.9860912561416626
156,0.001716094674556213,4,0.8115218016856746,97,203,0,0,0.3233333333333333,0.97510826587677
157,0.001716094674556213,5,0.8046559880879998,97,203,0,0,0.3233333333333333,0.9641251564025879
158,0.001716094674556213,6,0.797751209932744,97,203,0,0,0.3233333333333333,0.9531421661376953
159,0.001716094674556213,7,0.7908069834090763,97,203,0,0,0.3233333333333333,0.9421590566635132
160,0.001716094674556213,8,0.7838231215242674,97,203,0,0,0.3233333333333333,0.9311760663986206
161,0.001716094674556213,9,0.7767992075138513,97,203,0,0,0.3233333333333333,0.920193076133728
162,0.001716094674556213,10,0.7697349727378522,97,203,0,0,0.3233333333333333,0.909210205078125
163,0.001817041420118343,2,0.822166531889314,97,203,0,0,0.3233333333333333,0.9922600984573364
164,0.001817041420118343,3,0.8180592157569889,97,203,0,0,0.3233333333333333,0.9856240749359131
165,0.001817041420118343,4,0.811230545735178,97,203,0,0,0.3233333333333333,0.9746410846710205
166,0.001817041420118343,5,0.8043631530308052,97,203,0,0,0.3233333333333333,0.9636580944061279
167,0.001817041420118343,6,0.7974566321602027,97,203,0,0,0.3233333333333333,0.9526749849319458
168,0.001817041420118343,7,0.7905107233648855,97,203,0,0,0.3233333333333333,0.9416918754577637
169,0.001817041420118343,8,0.7835251647750171,97,203,0,0,0.3233333333333333,0.9307088851928711
170,0.001817041420118343,9,0.7764994629671709,97,203,0,0,0.3233333333333333,0.919725775718689
171,0.001817041420118343,10,0.7694335785761108,97,203,0,0,0.3233333333333333,0.9087430238723755
172,0.0019179881656804733,2,0.8221621860472789,97,203,0,0,0.3233333333333333,0.9922530651092529
173,0.0019179881656804733,3,0.8177695302050972,97,203,0,0,0.3233333333333333,0.9851568937301636
174,0.0019179881656804733,4,0.8109390710296951,97,203,0,0,0.3233333333333333,0.9741736650466919
175,0.0019179881656804733,5,0.8040700978125769,97,203,0,0,0.3233333333333333,0.9631907939910889
176,0.0019179881656804733,6,0.7971619079282549,97,203,0,0,0.3233333333333333,0.9522076845169067
177,0.0019179881656804733,7,0.7902143914437538,97,203,0,0,0.3233333333333333,0.9412246942520142
178,0.0019179881656804733,8,0.7832270594739154,97,203,0,0,0.3233333333333333,0.930241584777832
179,0.0019179881656804733,9,0.7761997982492056,97,203,0,0,0.3233333333333333,0.919258713722229
180,0.0019179881656804733,10,0.7691319567925836,97,203,0,0,0.3233333333333333,0.9082756042480469
181,0.0020189349112426035,2,0.8221578401895779,97,203,0,0,0.3233333333333333,0.9922460317611694
182,0.0020189349112426035,3,0.8174797751556819,97,203,0,0,0.3233333333333333,0.9846897125244141
183,0.0020189349112426035,4,0.81064782361856,97,203,0,0,0.3233333333333333,0.9737067222595215
184,0.0020189349112426035,5,0.8037769718715999,97,203,0,0,0.3233333333333333,0.9627234935760498
185,0.0020189349112426035,6,0.7968671875805368,97,203,0,0,0.3233333333333333,0.9517405033111572
186,0.0020189349112426035,7,0.789917911977828,97,203,0,0,0.3233333333333333,0.9407573938369751
187,0.0020189349112426035,8,0.7829290337640675,97,203,0,0,0.3233333333333333,0.9297745227813721
188,0.0020189349112426035,9,0.7758999073967658,97,203,0,0,0.3233333333333333,0.9187914133071899
189,0.0020189349112426035,10,0.7700511134449293,97,201,0,-1,0.32550335570469796,0.9078084230422974
190,0.0021198816568047335,2,0.8221535679752124,97,203,0,0,0.3233333333333333,0.9922391176223755
191,0.0021198816568047335,3,0.8171898766211505,97,203,0,0,0.3233333333333333,0.984222412109375
192,0.0021198816568047335,4,0.8103562830203084,97,203,0,0,0.3233333333333333,0.9732394218444824
193,0.0021198816568047335,5,0.8034838499863678,97,203,0,0,0.3233333333333333,0.9622563123703003
194,0.0021198816568047335,6,0.7965724711457549,97,203,0,0,0.3233333333333333,0.9512734413146973
195,0.0021198816568047335,7,0.7896215875260579,97,203,0,0,0.3233333333333333,0.9402904510498047
196,0.0021198816568047335,8,0.7826308594494327,97,203,0,0,0.3233333333333333,0.9293073415756226
197,0.0021198816568047335,9,0.7762209062892549,97,202,0,-1,0.32441471571906355,0.9183245897293091
198,0.0021198816568047335,10,0.7728149737727128,97,196,0,-1,0.3310580204778157,0.9073413610458374
199,0.002220828402366864,2,0.8221492220864454,97,203,0,0,0.3233333333333333,0.992232084274292
200,0.002220828402366864,3,0.8168999824838888,97,203,0,0,0.3233333333333333,0.9837552309036255
201,0.002220828402366864,4,0.810064746646369,97,203,0,0,0.3233333333333333,0.9727722406387329
202,0.002220828402366864,5,0.8031906573632771,97,203,0,0,0.3233333333333333,0.9617891311645508
203,0.002220828402366864,6,0.79627753290729,97,203,0,0,0.3233333333333333,0.9508061408996582
204,0.002220828402366864,7,0.7893249641570433,97,203,0,0,0.3233333333333333,0.9398231506347656
205,0.002220828402366864,8,0.7823326125600462,97,203,0,0,0.3233333333333333,0.928840160369873
206,0.002220828402366864,9,0.7765413278947877,97,201,0,-1,0.32550335570469796,0.9178569316864014
207,0.002220828402366864,10,0.7818498330611893,97,181,0,-1,0.3489208633093525,0.9068740606307983
208,0.002321775147928994,2,0.8221449498415399,97,203,0,0,0.3233333333333333,0.992225170135498
209,0.002321775147928994,3,0.816610018774024,97,203,0,0,0.3233333333333333,0.983288049697876
210,0.002321775147928994,4,0.8097731401077657,97,203,0,0,0.3233333333333333,0.9723050594329834
211,0.002321775147928994,5,0.8028973191365081,97,203,0,0,0.3233333333333333,0.9613218307495117
212,0.002321775147928994,6,0.7959825985299699,97,203,0,0,0.3233333333333333,0.9503389596939087
213,0.002321775147928994,7,0.7890283444664141,97,203,0,0,0.3233333333333333,0.9393559694290161
214,0.002321775147928994,8,0.782034216938811,97,203,0,0,0.3233333333333333,0.928372859954834
215,0.002321775147928994,9,0.7787331273930319,97,197,0,-1,0.3299319727891156,0.9173898696899414
216,0.002321775147928994,10,0.7910981934198807,97,166,0,-1,0.3688212927756654,0.9064068794250488
217,0.002422721893491124,2,0.8221406039217063,97,203,0,0,0.3233333333333333,0.9922181367874146
218,0.002422721893491124,3,0.8163199854665072,97,203,0,0,0.3233333333333333,0.9828208684921265
219,0.002422721893491124,4,0.8094815378144354,97,203,0,0,0.3233333333333333,0.9718379974365234
220,0.002422721893491124,5,0.8026041346593431,97,203,0,0,0.3233333333333333,0.9608548879623413
221,0.002422721893491124,6,0.7956875927576367,97,203,0,0,0.3233333333333333,0.9498717784881592
222,0.002422721893491124,7,0.7887316527679135,97,203,0,0,0.3233333333333333,0.9388887882232666
223,0.002422721893491124,8,0.7817357486527354,97,203,0,0,0.3233333333333333,0.9279055595397949
224,0.002422721893491124,9,0.7828276860665782,97,190,0,-1,0.33797909407665505,0.9169226884841919
225,0.002422721893491124,10,0.8012288213758456,97,150,0,-1,0.39271255060728744,0.9059395790100098
226,0.0025236686390532545,2,0.8221363316462605,97,203,0,0,0.3233333333333333,0.9922112226486206
227,0.0025236686390532545,3,0.8160298085026577,97,203,0,0,0.3233333333333333,0.9823535680770874
228,0.0025236686390532545,4,0.8091897164352232,97,203,0,0,0.3233333333333333,0.9713706970214844
229,0.0025236686390532545,5,0.802310579934349,97,203,0,0,0.3233333333333333,0.9603874683380127
230,0.0025236686390532545,6,0.7953925155643633,97,203,0,0,0.3233333333333333,0.9494045972824097
231,0.0025236686390532545,7,0.7884348133017707,97,203,0,0,0.3233333333333333,0.9384214878082275
232,0.0025236686390532545,8,0.782698528820915,97,201,0,-1,0.32550335570469796,0.9274386167526245
233,0.0025236686390532545,9,0.7901705589286767,97,178,0,-1,0.3527272727272727,0.9164555072784424
234,0.0025236686390532545,10,0.8129825841245465,97,132,0,-1,0.42358078602620086,0.9054725170135498
235,0.0026246153846153845,2,0.8221319856953601,97,203,0,0,0.3233333333333333,0.9922041893005371
236,0.0026246153846153845,3,0.8157396359068692,97,203,0,0,0.3233333333333333,0.9818863868713379
237,0.0026246153846153845,4,0.8088978247794604,97,203,0,0,0.3233333333333333,0.9709033966064453
238,0.0026246153846153845,5,0.8020171040855275,97,203,0,0,0.3233333333333333,0.9599202871322632
239,0.0026246153846153845,6,0.7950972916028574,97,203,0,0,0.3233333333333333,0.9489372968673706
240,0.0026246153846153845,7,0.7881379774904504,97,203,0,0,0.3233333333333333,0.937954306602478
241,0.0026246153846153845,8,0.7830305407487067,97,200,0,-1,0.3265993265993266,0.9269713163375854
242,0.0026246153846153845,9,0.7976522440826531,97,166,0,-1,0.3688212927756654,0.9159884452819824
243,0.0026246153846153845,10,0.8279027489471419,97,110,0,-1,0.46859903381642515,0.9050053358078003
244,0.0027255621301775146,2,0.8221277133893738,97,203,0,0,0.3233333333333333,0.9921972751617432
245,0.0027255621301775146,3,0.8154494677073818,97,203,0,0,0.3233333333333333,0.9814193248748779
246,0.0027255621301775146,4,0.8086059373108163,97,203,0,0,0.3233333333333333,0.9704362154006958
247,0.0027255621301775146,5,0.8017236322831858,97,203,0,0,0.3233333333333333,0.9594532251358032
248,0.0027255621301775146,6,0.7948019961320332,97,203,0,0,0.3233333333333333,0.9484699964523315
249,0.0027255621301775146,7,0.7878409938222016,97,203,0,0,0.3233333333333333,0.937487006187439
250,0.0027255621301775146,8,0.7890979417997683,97,190,0,-1,0.33797909407665505,0.9265040159225464
251,0.0027255621301775146,9,0.8126981098982821,97,143,0,-1,0.4041666666666667,0.9155212640762329
252,0.0027255621301775146,10,0.8375544411868728,97,96,0,-1,0.5025906735751295,0.9045379161834717
253,0.002826508875739645,2,0.8219120159216066,97,203,0,0,0.3233333333333333,0.9918482303619385
254,0.002826508875739645,3,0.8151591557585331,97,203,0,0,0.3233333333333333,0.9809521436691284
255,0.002826508875739645,4,0.8083139795507145,97,203,0,0,0.3233333333333333,0.9699690341949463
256,0.002826508875739645,5,0.8014300146947142,97,203,0,0,0.3233333333333333,0.9589860439300537
257,0.002826508875739645,6,0.7945067798416018,97,203,0,0,0.3233333333333333,0.9480029344558716
258,0.002826508875739645,7,0.7901100545449795,97,199,0,-1,0.3277027027027027,0.937019944190979
259,0.002826508875739645,8,0.799191199561461,97,174,0,-1,0.35793357933579334,0.9260368347167969
260,0.002826508875739645,9,0.8283221479157014,97,120,0,-1,0.4470046082949309,0.9150540828704834
261,0.002826508875739645,10,0.8518994535593362,97,76,0,-1,0.5606936416184971,0.9040710926055908
262,0.002927455621301775,2,0.8216263489247675,97,203,0,0,0.3233333333333333,0.9913860559463501
263,0.002927455621301775,3,0.8148686999818511,97,203,0,0,0.3233333333333333,0.9804848432540894
264,0.002927455621301775,4,0.808021951473761,97,203,0,0,0.3233333333333333,0.9695018529891968
265,0.002927455621301775,5,0.8011363261888585,97,203,0,0,0.3233333333333333,0.9585188627243042
266,0.002927455621301775,6,0.7942114166867913,97,203,0,0,0.3233333333333333,0.9475357532501221
267,0.002927455621301775,7,0.7923918467833577,97,195,0,-1,0.3321917808219178,0.9365527629852295
268,0.002927455621301775,8,0.80752384440882,97,161,0,-1,0.375968992248062,0.9255696535110474
269,0.002927455621301775,9,0.8372684190679744,97,107,0,-1,0.47549019607843135,0.9145869016647339
270,0.002927455621301775,10,0.8575482727774507,97,68,0,-1,0.5878787878787879,0.9036035537719727
271,0.003028402366863905,2,0.8213407616546538,97,203,0,0,0.3233333333333333,0.9909241199493408
272,0.003028402366863905,3,0.8145782485439322,97,203,0,0,0.3233333333333333,0.9800176620483398
273,0.003028402366863905,4,0.8077297785116538,97,203,0,0,0.3233333333333333,0.9690345525741577
274,0.003028402366863905,5,0.8008424917731102,97,203,0,0,0.3233333333333333,0.9580515623092651
275,0.003028402366863905,6,0.7945662352187846,97,202,0,-1,0.32441471571906355,0.947068452835083
276,0.003028402366863905,7,0.7979552364860731,97,186,0,-1,0.34275618374558303,0.93608558177948
277,0.003028402366863905,8,0.8208658197581594,97,141,0,-1,0.40756302521008403,0.9251025915145874
278,0.003028402366863905,9,0.8478892106261661,97,92,0,-1,0.5132275132275133,0.9141194820404053
279,0.003028402366863905,10,0.8602103460798868,97,64,0,-1,0.6024844720496895,0.9031366109848022
280,0.0031293491124260355,2,0.8210550330135854,97,203,0,0,0.3233333333333333,0.990462064743042
281,0.0031293491124260355,3,0.8142877273326791,97,203,0,0,0.3233333333333333,0.9795504808425903
282,0.0031293491124260355,4,0.8074376842676609,97,203,0,0,0.3233333333333333,0.9685674905776978
283,0.0031293491124260355,5,0.8005486613372735,97,203,0,0,0.3233333333333333,0.9575843811035156
284,0.0031293491124260355,6,0.7942703202239785,97,202,0,-1,0.32441471571906355,0.946601390838623
285,0.0031293491124260355,7,0.807611306902883,97,171,0,-1,0.3619402985074627,0.9356182813644409
286,0.0031293491124260355,8,0.8360944234520671,97,119,0,-1,0.44907407407407407,0.9246352910995483
287,0.0031293491124260355,9,0.8603059612958183,97,75,0,-1,0.563953488372093,0.9136521816253662
288,0.0031293491124260355,10,0.8682952071592743,97,53,0,-1,0.6466666666666666,0.9026693105697632
289,0.0032302958579881655,2,0.8207691629251138,97,203,0,0,0.3233333333333333,0.9899998903274536
290,0.0032302958579881655,3,0.8139971363229468,97,203,0,0,0.3233333333333333,0.9790832996368408
291,0.0032302958579881655,4,0.8071453705088455,97,203,0,0,0.3233333333333333,0.9681001901626587
292,0.0032302958579881655,5,0.8002548349099641,97,203,0,0,0.3233333333333333,0.9571173191070557
293,0.0032302958579881655,6,0.7978927780788404,97,196,0,-1,0.3310580204778157,0.946134090423584
294,0.0032302958579881655,7,0.816815214313175,97,157,0,-1,0.38188976377952755,0.9351509809494019
295,0.0032302958579881655,8,0.8489162478743073,97,101,0,-1,0.4898989898989899,0.9241681098937988
296,0.0032302958579881655,9,0.8660756408457307,97,67,0,-1,0.5914634146341463,0.9131851196289062
297,0.0032302958579881655,10,0.8710234184566562,97,49,0,-1,0.6643835616438356,0.9022020101547241
298,0.0033312426035502956,2,0.8204833725959881,97,203,0,0,0.3233333333333333,0.9895379543304443
299,0.0033312426035502956,3,0.8137064013135737,97,203,0,0,0.3233333333333333,0.9786159992218018
300,0.0033312426035502956,4,0.806853060892327,97,203,0,0,0.3233333333333333,0.9676330089569092
301,0.0033312426035502956,5,0.7999607874563183,97,203,0,0,0.3233333333333333,0.9566500186920166
302,0.0033312426035502956,6,0.7989075366098232,97,194,0,-1,0.3333333333333333,0.9456669092178345
303,0.0033312426035502956,7,0.8333292500376951,97,133,0,-1,0.4217391304347826,0.9346837997436523
304,0.0033312426035502956,8,0.8613714941008243,97,84,0,-1,0.5359116022099447,0.9237009286880493
305,0.0033312426035502956,9,0.8719227422046822,97,59,0,-1,0.6217948717948718,0.9127179384231567
306,0.0033312426035502956,10,0.8729822451086476,97,46,0,-1,0.6783216783216783,0.9017349481582642
307,0.003432189349112426,2,0.8201973669927498,97,203,0,0,0.3233333333333333,0.989075779914856
308,0.003432189349112426,3,0.8134156706135739,97,203,0,0,0.3233333333333333,0.9781488180160522
309,0.003432189349112426,4,0.8065606808317961,97,203,0,0,0.3233333333333333,0.9671658277511597
310,0.003432189349112426,5,0.7996666689204154,97,203,0,0,0.3233333333333333,0.9561827182769775
311,0.003432189349112426,6,0.8039022804290317,97,186,0,-1,0.34275618374558303,0.945199728012085
312,0.003432189349112426,7,0.8460732932414143,97,115,0,-1,0.45754716981132076,0.9342166185379028
313,0.003432189349112426,8,0.867939551525766,97,75,0,-1,0.563953488372093,0.9232337474822998
314,0.003432189349112426,9,0.8770551986351685,97,52,0,-1,0.6510067114093959,0.9122507572174072
315,0.003432189349112426,10,0.8773234536119852,97,40,0,-1,0.708029197080292,0.9012677669525146
316,0.003533136094674556,2,0.8199113673745554,97,203,0,0,0.3233333333333333,0.9886137247085571
317,0.003533136094674556,3,0.8131248700395816,97,203,0,0,0.3233333333333333,0.9776816368103027
318,0.003533136094674556,4,0.806268155669026,97,203,0,0,0.3233333333333333,0.9666985273361206
319,0.003533136094674556,5,0.7993726293913692,97,203,0,0,0.3233333333333333,0.9557156562805176
320,0.003533136094674556,6,0.8116672201121189,97,174,0,-1,0.35793357933579334,0.9447325468063354
321,0.003533136094674556,7,0.8546705785773964,97,103,0,-1,0.485,0.9337495565414429
322,0.003533136094674556,8,0.873820177934132,97,67,0,-1,0.5914634146341463,0.9227664470672607
323,0.003533136094674556,9,0.8798471799888142,97,48,0,-1,0.6689655172413793,0.9117834568023682
324,0.003533136094674556,10,0.8809069129803248,97,35,0,-1,0.7348484848484849,0.9008005857467651
325,0.003634082840236686,2,0.8196252999562217,97,203,0,0,0.3233333333333333,0.9881516695022583
326,0.003634082840236686,3,0.8128340737959064,97,203,0,0,0.3233333333333333,0.9772145748138428
327,0.003634082840236686,4,0.8059757092768137,97,203,0,0,0.3233333333333333,0.9662314653396606
328,0.003634082840236686,5,0.799078368649905,97,203,0,0,0.3233333333333333,0.9552483558654785
329,0.003634082840236686,6,0.8279783310868642,97,150,0,-1,0.39271255060728744,0.9442653656005859
330,0.003634082840236686,7,0.8649837627557567,97,89,0,-1,0.521505376344086,0.9332822561264038
331,0.003634082840236686,8,0.8829840799624428,97,55,0,-1,0.6381578947368421,0.9222991466522217
332,0.003634082840236686,9,0.8850729219660918,97,41,0,-1,0.7028985507246377,0.9113163948059082
333,0.003634082840236686,10,0.8837135086423827,97,31,0,-1,0.7578125,0.9003334045410156
334,0.0037350295857988165,2,0.8193391647136369,97,203,0,0,0.3233333333333333,0.9876896142959595
335,0.0037350295857988165,3,0.8125430591688341,97,203,0,0,0.3233333333333333,0.9767472743988037
336,0.0037350295857988165,4,0.8056831177313902,97,203,0,0,0.3233333333333333,0.9657642841339111
337,0.0037350295857988165,5,0.8007624437741848,97,200,0,-1,0.3265993265993266,0.9547812938690186
338,0.0037350295857988165,6,0.841293906194118,97,131,0,-1,0.42543859649122806,0.9437981843948364
339,0.0037350295857988165,7,0.8700512811482314,97,82,0,-1,0.5418994413407822,0.9328150749206543
340,0.0037350295857988165,8,0.8850144844029928,97,52,0,-1,0.6510067114093959,0.9218319654464722
341,0.0037350295857988165,9,0.8871034140655596,97,38,0,-1,0.7185185185185186,0.9108490943908691
342,0.0037350295857988165,10,0.8857278974951124,97,28,0,-1,0.776,0.899865984916687
343,0.0038359763313609466,2,0.8190528877741134,97,203,0,0,0.3233333333333333,0.9872274398803711
344,0.0038359763313609466,3,0.8122520488216562,97,203,0,0,0.3233333333333333,0.9762800931930542
345,0.0038359763313609466,4,0.8053903809532577,97,203,0,0,0.3233333333333333,0.9652969837188721
346,0.0038359763313609466,5,0.8044496846008037,97,194,0,-1,0.3333333333333333,0.9543139934539795
347,0.0038359763313609466,6,0.847573071356477,97,122,0,-1,0.4429223744292237,0.9433308839797974
348,0.0038359763313609466,7,0.8775534610037801,97,72,0,-1,0.5739644970414202,0.9323478937149048
349,0.0038359763313609466,8,0.8894942500172353,97,46,0,-1,0.6783216783216783,0.9213649034500122
350,0.0038359763313609466,9,0.8899587089397715,97,34,0,-1,0.7404580152671756,0.9103819131851196
351,0.0038359763313609466,10,0.888564600087826,97,24,0,-1,0.8016528925619835,0.899398922920227
352,0.003936923076923077,2,0.8187666167931291,97,203,0,0,0.3233333333333333,0.9867653846740723
353,0.003936923076923077,3,0.8119609684996401,97,203,0,0,0.3233333333333333,0.9758129119873047
354,0.003936923076923077,4,0.8050976482723929,97,203,0,0,0.3233333333333333,0.9648298025131226
355,0.003936923076923077,5,0.8061556834612149,97,191,0,-1,0.3368055555555556,0.9538465738296509
356,0.003936923076923077,6,0.856964246190017,97,109,0,-1,0.470873786407767,0.9428638219833374
357,0.003936923076923077,7,0.8819662698875051,97,66,0,-1,0.5950920245398773,0.9318805932998657
358,0.003936923076923077,8,0.8907351421114456,97,44,0,-1,0.6879432624113475,0.9208976030349731
359,0.003936923076923077,9,0.8903734083215459,97,33,0,-1,0.7461538461538462,0.9099147319793701
360,0.003936923076923077,10,0.8897836998388103,97,22,0,-1,0.8151260504201681,0.8989318609237671
361,0.004037869822485207,2,0.8184803517990797,97,203,0,0,0.3233333333333333,0.986303448677063
362,0.004037869822485207,3,0.8116697438766153,97,203,0,0,0.3233333333333333,0.9753456115722656
363,0.004037869822485207,4,0.8048048449945191,97,203,0,0,0.3233333333333333,0.964362621307373
364,0.004037869822485207,5,0.8132876712913127,97,180,0,-1,0.35018050541516244,0.9533795118331909
365,0.004037869822485207,6,0.8704534985820424,97,91,0,-1,0.5159574468085106,0.9423965215682983
366,0.004037869822485207,7,0.8896754775335971,97,56,0,-1,0.6339869281045751,0.9314134120941162
367,0.004037869822485207,8,0.8928001904465925,97,41,0,-1,0.7028985507246377,0.9204304218292236
368,0.004037869822485207,9,0.8932488911582426,97,29,0,-1,0.7698412698412699,0.909447431564331
369,0.004037869822485207,10,0.890187710832952,97,21,0,-1,0.8220338983050848,0.8984644412994385
370,0.0041388165680473375,2,0.8181939450181378,97,203,0,0,0.3233333333333333,0.9858413934707642
371,0.0041388165680473375,3,0.8113785235113141,97,203,0,0,0.3233333333333333,0.9748784303665161
372,0.0041388165680473375,4,0.8045120458348988,97,203,0,0,0.3233333333333333,0.9638955593109131
373,0.0041388165680473375,5,0.8240319362676451,97,164,0,-1,0.3716475095785441,0.9529123306274414
374,0.0041388165680473375,6,0.8771763272707992,97,82,0,-1,0.5418994413407822,0.9419294595718384
375,0.0041388165680473375,7,0.8925652225502796,97,52,0,-1,0.6510067114093959,0.9309464693069458
376,0.0041388165680473375,8,0.8965287212162067,97,36,0,-1,0.7293233082706767,0.9199633598327637
377,0.0041388165680473375,9,0.8953155468570267,97,26,0,-1,0.7886178861788617,0.9089802503585815
378,0.0041388165680473375,10,0.891410305706943,97,19,0,-1,0.8362068965517241,0.897997260093689
379,0.004239763313609467,2,0.8179073963735544,97,203,0,0,0.3233333333333333,0.9853792190551758
380,0.004239763313609467,3,0.8110873074320846,97,203,0,0,0.3233333333333333,0.9744113683700562
381,0.004239763313609467,4,0.8042190265455659,97,203,0,0,0.3233333333333333,0.963428258895874
382,0.004239763313609467,5,0.8293517214280216,97,156,0,-1,0.383399209486166,0.9524451494216919
383,0.004239763313609467,6,0.8840032535779233,97,73,0,-1,0.5705882352941176,0.9414621591567993
384,0.004239763313609467,7,0.8971293162078122,97,46,0,-1,0.6783216783216783,0.9304789304733276
385,0.004239763313609467,8,0.8977882154651871,97,34,0,-1,0.7404580152671756,0.9194961786270142
386,0.004239763313609467,9,0.8973913664699873,97,23,0,-1,0.8083333333333333,0.908513069152832
387,0.004239763313609467,10,0.8926358311715534,97,17,0,-1,0.8508771929824561,0.8975300788879395
388,0.0043407100591715975,2,0.8176209275971197,97,203,0,0,0.3233333333333333,0.9849172830581665
389,0.0043407100591715975,3,0.8107958726036149,97,203,0,0,0.3233333333333333,0.9739440679550171
390,0.0043407100591715975,4,0.8045927746907504,97,202,0,-1,0.32441471571906355,0.962960958480835
391,0.0043407100591715975,5,0.8412558608402013,97,139,0,-1,0.4110169491525424,0.9519779682159424
392,0.0043407100591715975,6,0.8933986429227435,97,61,0,-1,0.6139240506329114,0.9409948587417603
393,0.0043407100591715975,7,0.9025794978962723,97,39,0,-1,0.7132352941176471,0.9300119876861572
394,0.0043407100591715975,8,0.8998847035225185,97,31,0,-1,0.7578125,0.9190287590026855
395,0.0043407100591715975,9,0.897811337891457,97,22,0,-1,0.8151260504201681,0.9080458879470825
396,0.0043407100591715975,10,0.8922200245908611,97,17,0,-1,0.8508771929824561,0.8970630168914795
397,0.004441656804733728,2,0.8173342429549285,97,203,0,0,0.3233333333333333,0.9844551086425781
398,0.004441656804733728,3,0.8105044420106483,97,203,0,0,0.3233333333333333,0.9734768867492676
399,0.004441656804733728,4,0.8056353018589493,97,200,0,-1,0.3265993265993266,0.962493896484375
400,0.004441656804733728,5,0.8535063783075292,97,122,0,-1,0.4429223744292237,0.9515107870101929
401,0.004441656804733728,6,0.8963204579564841,97,57,0,-1,0.6298701298701299,0.9405277967453003
402,0.004441656804733728,7,0.903023236672668,97,38,0,-1,0.7185185185185186,0.9295446872711182
403,0.004441656804733728,8,0.9009001021861438,96,29,-1,-1,0.768,0.9185616970062256
404,0.004441656804733728,9,0.898890354214763,96,20,-1,-1,0.8275862068965517,0.9075788259506226
405,0.004441656804733728,10,0.8933181328014783,96,15,-1,-1,0.8648648648648649,0.8965955972671509
406,0.004542603550295858,2,0.8170473423174595,97,203,0,0,0.3233333333333333,0.9839926958084106
407,0.004542603550295858,3,0.8102129412912046,97,203,0,0,0.3233333333333333,0.9730097055435181
408,0.004542603550295858,4,0.8073515136408412,97,197,0,-1,0.3299319727891156,0.9620265960693359
409,0.004542603550295858,5,0.8684448435547067,97,102,0,-1,0.48743718592964824,0.9510434865951538
410,0.004542603550295858,6,0.9009313273036436,97,51,0,-1,0.6554054054054054,0.9400604963302612
411,0.004542603550295858,7,0.9059985789956577,97,34,0,-1,0.7404580152671756,0.9290773868560791
412,0.004542603550295858,8,0.902187955550493,96,27,-1,-1,0.7804878048780488,0.918094277381897
413,0.004542603550295858,9,0.9001626194377551,96,18,-1,-1,0.8421052631578947,0.907111406326294
414,0.004542603550295858,10,0.8937319801045686,96,14,-1,-1,0.8727272727272727,0.8961284160614014
415,0.004643550295857988,2,0.8167574139739865,97,203,0,0,0.3233333333333333,0.9835255146026611
416,0.004643550295857988,3,0.809921370419969,97,203,0,0,0.3233333333333333,0.9725425243377686
417,0.004643550295857988,4,0.8097501747484697,97,193,0,-1,0.33448275862068966,0.9615592956542969
418,0.004643550295857988,5,0.8791087377674226,97,88,0,-1,0.5243243243243243,0.9505763053894043
419,0.004643550295857988,6,0.9030603076501028,97,48,0,-1,0.6689655172413793,0.9395933151245117
420,0.004643550295857988,7,0.9072929331075865,97,32,0,-1,0.751937984496124,0.9286103248596191
421,0.004643550295857988,8,0.9051832776838726,96,23,-1,-1,0.8067226890756303,0.9176273345947266
422,0.004643550295857988,9,0.9014383812737788,96,16,-1,-1,0.8571428571428571,0.906644344329834
423,0.004643550295857988,10,0.8941458814918396,96,13,-1,-1,0.8807339449541285,0.8956613540649414
424,0.0047444970414201185,2,0.8164673420387725,97,203,0,0,0.3233333333333333,0.9830582141876221
425,0.0047444970414201185,3,0.8096297293716146,97,203,0,0,0.3233333333333333,0.972075343132019
426,0.0047444970414201185,4,0.8148921692367561,97,185,0,-1,0.34397163120567376,0.9610922336578369
427,0.0047444970414201185,5,0.8835516915207635,97,82,0,-1,0.5418994413407822,0.9501091241836548
428,0.0047444970414201185,6,0.9068915987997774,97,43,0,-1,0.6928571428571428,0.9391261339187622
429,0.0047444970414201185,7,0.9085905860504323,97,30,0,-1,0.7637795275590551,0.9281432628631592
430,0.0047444970414201185,8,0.9056275428375379,96,22,-1,-1,0.8135593220338984,0.9171600341796875
431,0.0047444970414201185,9,0.9025921518640361,95,14,-1,-1,0.8715596330275229,0.9061771631240845
432,0.0047444970414201185,10,0.8944542329090687,95,12,-1,-1,0.8878504672897196,0.8951940536499023
433,0.004845443786982248,2,0.8161772744826431,97,203,0,0,0.3233333333333333,0.9825910329818726
434,0.004845443786982248,3,0.8093379436767174,97,203,0,0,0.3233333333333333,0.97160804271698
435,0.004845443786982248,4,0.8221848914765532,97,174,0,-1,0.35793357933579334,0.9606250524520874
436,0.004845443786982248,5,0.8921231348912217,97,71,0,-1,0.5773809523809523,0.9496419429779053
437,0.004845443786982248,6,0.9099008173681011,97,39,0,-1,0.7132352941176471,0.9386589527130127
438,0.004845443786982248,7,0.9090386356069192,97,29,0,-1,0.7698412698412699,0.9276759624481201
439,0.004845443786982248,8,0.9052176685624521,96,22,-1,-1,0.8135593220338984,0.9166929721832275
440,0.004845443786982248,9,0.9030324521220988,95,13,-1,-1,0.8796296296296297,0.9057098627090454
441,0.004845443786982248,10,0.8948766008617766,95,11,-1,-1,0.8962264150943396,0.8947268724441528
442,0.0049463905325443785,2,0.8158871372914683,97,203,0,0,0.3233333333333333,0.982123851776123
443,0.0049463905325443785,3,0.8090461621801731,97,203,0,0,0.3233333333333333,0.9711408615112305
444,0.0049463905325443785,4,0.8324568281894902,97,159,0,-1,0.37890625,0.9601577520370483
445,0.0049463905325443785,5,0.8958699494992857,97,66,0,-1,0.5950920245398773,0.9491746425628662
446,0.0049463905325443785,6,0.9112144710638743,97,37,0,-1,0.7238805970149254,0.9381917715072632
447,0.0049463905325443785,7,0.9103402688644826,97,27,0,-1,0.782258064516129,0.927208662033081
448,0.0049463905325443785,8,0.9073733679795414,96,19,-1,-1,0.8347826086956521,0.9162259101867676
449,0.0049463905325443785,9,0.9026144491281342,95,13,-1,-1,0.8796296296296297,0.9052426815032959
450,0.0049463905325443785,10,0.895298928242335,95,10,-1,-1,0.9047619047619048,0.8942596912384033
451,0.005047337278106509,2,0.8155970045003078,97,203,0,0,0.3233333333333333,0.9816567897796631
452,0.005047337278106509,3,0.8087543104304498,97,203,0,0,0.3233333333333333,0.970673680305481
453,0.005047337278106509,4,0.8422564718240672,97,145,0,-1,0.40082644628099173,0.9596905708312988
454,0.005047337278106509,5,0.8996481901598115,97,61,0,-1,0.6139240506329114,0.9487075805664062
455,0.005047337278106509,6,0.913390701617578,97,34,0,-1,0.7404580152671756,0.9377244710922241
456,0.005047337278106509,7,0.9125029362966011,97,24,0,-1,0.8016528925619835,0.9267414808273315
457,0.005047337278106509,8,0.9086777052688283,96,17,-1,-1,0.8495575221238938,0.915758490562439
458,0.005047337278106509,9,0.9039132593124538,95,11,-1,-1,0.8962264150943396,0.9047755002975464
459,0.005047337278106509,10,0.894877250446414,95,10,-1,-1,0.9047619047619048,0.8937922716140747
460,0.005148284023668639,2,0.8153067279815794,97,203,0,0,0.3233333333333333,0.9811896085739136
461,0.005148284023668639,3,0.8084623884021718,97,203,0,0,0.3233333333333333,0.9702064990997314
462,0.005148284023668639,4,0.8493043023366071,97,135,0,-1,0.41810344827586204,0.9592233896255493
463,0.005148284023668639,5,0.903457961738619,97,56,0,-1,0.6339869281045751,0.9482403993606567
464,0.005148284023668639,6,0.9181770397491127,97,28,0,-1,0.776,0.9372572898864746
465,0.005148284023668639,7,0.9120952706361297,97,24,0,-1,0.8016528925619835,0.926274299621582
466,0.005148284023668639,8,0.9081101616188385,95,17,-1,-1,0.8482142857142857,0.9152915477752686
467,0.005148284023668639,9,0.9034936824775635,95,11,-1,-1,0.8962264150943396,0.9043084383010864
468,0.005148284023668639,10,0.8952988046059138,95,9,-1,-1,0.9134615384615384,0.8933252096176147
469,0.005249230769230769,2,0.8150163076568272,97,203,0,0,0.3233333333333333,0.9807223081588745
470,0.005249230769230769,3,0.8081703960699511,97,203,0,0,0.3233333333333333,0.9697393178939819
471,0.005249230769230769,4,0.8602686633604193,97,120,0,-1,0.4470046082949309,0.9587562084197998
472,0.005249230769230769,5,0.9072996596580719,97,51,0,-1,0.6554054054054054,0.9477730989456177
473,0.005249230769230769,6,0.9186426791425523,97,27,0,-1,0.782258064516129,0.9367901086807251
474,0.005249230769230769,7,0.9134045469707528,97,22,0,-1,0.8151260504201681,0.9258071184158325
475,0.005249230769230769,8,0.9085641420377812,95,16,-1,-1,0.8558558558558559,0.9148241281509399
476,0.005249230769230769,9,0.9943265612943324,95,10,-1,-1,0.9047619047619048,0.9038412570953369
477,0.005249230769230769,10,0.8947957591495935,94,9,-1,-1,0.912621359223301,0.8928580284118652
478,0.0053501775147928995,2,0.8147258916745662,97,203,0,0,0.3233333333333333,0.980255126953125
479,0.0053501775147928995,3,0.8105787416678306,97,199,0,-1,0.3277027027027027,0.9692721366882324
480,0.0053501775147928995,4,0.8660723930165293,97,112,0,-1,0.46411483253588515,0.9582889080047607
481,0.0053501775147928995,5,0.9069143141958778,97,51,0,-1,0.6554054054054054,0.9473059177398682
482,0.0053501775147928995,6,0.9191083873674085,97,26,0,-1,0.7886178861788617,0.9363229274749756
483,0.0053501775147928995,7,0.9129951463018722,97,22,0,-1,0.8151260504201681,0.9253398180007935
484,0.0053501775147928995,8,0.9081493910947919,95,16,-1,-1,0.8558558558558559,0.9143569469451904
485,0.0053501775147928995,9,0.9938639338696734,95,10,-1,-1,0.9047619047619048,0.9033740758895874
486,0.0053501775147928995,10,0.8943734473932009,94,9,-1,-1,0.912621359223301,0.8923908472061157
487,0.005451124260355029,2,0.8144354059317472,97,203,0,0,0.3233333333333333,0.9797879457473755
488,0.005451124260355029,3,0.8102845777288233,97,199,0,-1,0.3277027027027027,0.9688048362731934
489,0.005451124260355029,4,0.8711716857282328,97,105,0,-1,0.4801980198019802,0.9578218460083008
490,0.005451124260355029,5,0.9073769196577911,97,50,0,-1,0.6598639455782312,0.9468387365341187
491,0.005451124260355029,6,0.9187032192431261,97,26,0,-1,0.7886178861788617,0.9358557462692261
492,0.005451124260355029,7,0.9132570549190377,96,21,-1,-1,0.8205128205128205,0.924872636795044
493,0.005451124260355029,8,0.907734595177215,95,16,-1,-1,0.8558558558558559,0.9138897657394409
494,0.005451124260355029,9,0.9934010225277101,95,10,-1,-1,0.9047619047619048,0.9029066562652588
495,0.005451124260355029,10,0.894802167600894,94,8,-1,-1,0.9215686274509803,0.8919237852096558
496,0.0055520710059171596,2,0.814144776254102,97,203,0,0,0.3233333333333333,0.9793206453323364
497,0.0055520710059171596,3,0.811345508491413,97,197,0,-1,0.3299319727891156,0.9683377742767334
498,0.0055520710059171596,4,0.8819081692011285,97,91,0,-1,0.5159574468085106,0.9573546648025513
499,0.0055520710059171596,5,0.910395681584404,97,46,0,-1,0.6783216783216783,0.9463714361190796
500,0.0055520710059171596,6,0.9191681795629932,97,25,0,-1,0.7950819672131147,0.9353885650634766
501,0.0055520710059171596,7,0.9145862868601325,96,19,-1,-1,0.8347826086956521,0.9244053363800049
502,0.0055520710059171596,8,0.9073195425587229,95,16,-1,-1,0.8558558558558559,0.9134223461151123
503,0.0055520710059171596,9,0.9929384175768845,95,10,-1,-1,0.9047619047619048,0.9024395942687988
504,0.0055520710059171596,10,0.8943786408299867,94,8,-1,-1,0.9215686274509803,0.8914562463760376
505,0.00565301775147929,2,0.8138542250638683,97,203,0,0,0.3233333333333333,0.9788535833358765
506,0.00565301775147929,3,0.8151396157866302,97,191,0,-1,0.3368055555555556,0.9678704738616943
507,0.00565301775147929,4,0.8929121412815544,97,77,0,-1,0.5574712643678161,0.9568873643875122
508,0.00565301775147929,5,0.9134344100276741,97,42,0,-1,0.697841726618705,0.9459043741226196
509,0.00565301775147929,6,0.9194151822575424,96,24,-1,-1,0.8,0.9349212646484375
510,0.00565301775147929,7,0.9159192926598058,96,17,-1,-1,0.8495575221238938,0.9239383935928345
511,0.00565301775147929,8,0.9086396037476305,95,14,-1,-1,0.8715596330275229,0.9129552841186523
512,0.00565301775147929,9,0.9934191341257161,95,9,-1,-1,0.9134615384615384,0.9019724130630493
513,0.00565301775147929,10,0.8948065868866989,94,7,-1,-1,0.9306930693069307,0.8909893035888672
514,0.00575396449704142,2,0.8135634557037256,97,203,0,0,0.3233333333333333,0.9783862829208374
515,0.00575396449704142,3,0.8210487906155657,97,182,0,-1,0.34767025089605735,0.9674032926559448
516,0.00575396449704142,4,0.8975010085012624,97,71,0,-1,0.5773809523809523,0.9564201831817627
517,0.00575396449704142,5,0.9147642922552971,97,40,0,-1,0.708029197080292,0.9454370737075806
518,0.00575396449704142,6,0.9207714372964074,96,22,-1,-1,0.8135593220338984,0.934454083442688
519,0.00575396449704142,7,0.916379876093886,96,16,-1,-1,0.8571428571428571,0.9234710931777954
520,0.00575396449704142,8,0.9082230842333288,95,14,-1,-1,0.8715596330275229,0.9124881029129028
521,0.00575396449704142,9,0.99295519868578,95,9,-1,-1,0.9134615384615384,0.9015049934387207
522,0.00575396449704142,10,0.8943826001279407,94,7,-1,-1,0.9306930693069307,0.8905222415924072
523,0.00585491124260355,2,0.8132726906493373,97,203,0,0,0.3233333333333333,0.9779191017150879
524,0.00585491124260355,3,0.8263393347124026,97,174,0,-1,0.35793357933579334,0.9669359922409058
525,0.00585491124260355,4,0.9012986781810051,97,66,0,-1,0.5950920245398773,0.9559530019760132
526,0.00585491124260355,5,0.9160977630036314,97,38,0,-1,0.7185185185185186,0.944969892501831
527,0.00585491124260355,6,0.920363278317785,96,22,-1,-1,0.8135593220338984,0.933987021446228
528,0.00585491124260355,7,0.9159657175283367,96,16,-1,-1,0.8571428571428571,0.9230037927627563
529,0.00585491124260355,8,0.9078064139729581,95,14,-1,-1,0.8715596330275229,0.9120208024978638
530,0.00585491124260355,9,0.9924914523796473,95,9,-1,-1,0.9134615384615384,0.9010378122329712
531,0.00585491124260355,10,0.8939581377017043,94,7,-1,-1,0.9306930693069307,0.8900547027587891
532,0.0059558579881656805,2,0.8129818557085703,97,203,0,0,0.3233333333333333,0.9774519205093384
533,0.0059558579881656805,3,0.833843144070723,97,163,0,-1,0.3730769230769231,0.9664688110351562
534,0.0059558579881656805,4,0.9051281585062351,97,61,0,-1,0.6139240506329114,0.9554857015609741
535,0.0059558579881656805,5,0.9183033761404444,97,35,0,-1,0.7348484848484849,0.9445028305053711
536,0.0059558579881656805,6,0.9217214108025062,96,20,-1,-1,0.8275862068965517,0.933519721031189
537,0.0059558579881656805,7,0.9164257204334029,96,15,-1,-1,0.8648648648648649,0.9225367307662964
538,0.0059558579881656805,8,0.9082573249541388,95,13,-1,-1,0.8796296296296297,0.9115536212921143
539,0.0059558579881656805,9,0.9929704125494141,95,8,-1,-1,0.9223300970873787,0.9005707502365112
540,0.0059558579881656805,10,0.8935340654096315,94,7,-1,-1,0.9306930693069307,0.8895876407623291
541,0.00605680473372781,2,0.8126909508562252,97,203,0,0,0.3233333333333333,0.9769847393035889
542,0.00605680473372781,3,0.8429467035785029,97,150,0,-1,0.39271255060728744,0.9660016298294067
543,0.00605680473372781,4,0.9047509164459198,97,61,0,-1,0.6139240506329114,0.9550186395645142
544,0.00605680473372781,5,0.9187752219421925,97,34,0,-1,0.7404580152671756,0.944035530090332
545,0.00605680473372781,6,0.921311485772107,96,20,-1,-1,0.8275862068965517,0.9330525398254395
546,0.00605680473372781,7,0.9160107870440598,96,15,-1,-1,0.8648648648648649,0.9220695495605469
547,0.00605680473372781,8,0.907839981703166,95,13,-1,-1,0.8796296296296297,0.9110865592956543
548,0.00605680473372781,9,0.9925055709480358,95,8,-1,-1,0.9223300970873787,0.9001034498214722
549,0.00605680473372781,10,0.8930461931419958,93,7,-1,-1,0.93,0.8891206979751587
550,0.006157751479289941,2,0.812399976067091,97,203,0,0,0.3233333333333333,0.9765175580978394
551,0.006157751479289941,3,0.8522509185679278,97,137,0,-1,0.41452991452991456,0.9655344486236572
552,0.006157751479289941,4,0.9094610090620012,97,55,0,-1,0.6381578947368421,0.9545513391494751
553,0.006157751479289941,5,0.9192471580953943,97,33,0,-1,0.7461538461538462,0.943568229675293
554,0.006157751479289941,6,0.9217857586877577,96,19,-1,-1,0.8347826086956521,0.9325853586196899
555,0.006157751479289941,7,0.916469782177679,96,14,-1,-1,0.8727272727272727,0.9216022491455078
556,0.006157751479289941,8,0.9082900696827771,95,12,-1,-1,0.8878504672897196,0.9106193780899048
557,0.006157751479289941,9,0.9018553812073653,95,8,-1,-1,0.9223300970873787,0.8996363878250122
558,0.006157751479289941,10,0.8926216629960254,93,7,-1,-1,0.93,0.8886531591415405
559,0.006258698224852071,2,0.8121088570419586,97,203,0,0,0.3233333333333333,0.9760502576828003
560,0.006258698224852071,3,0.8602340070848602,97,126,0,-1,0.4349775784753363,0.9650672674179077
561,0.006258698224852071,4,0.910786571266155,97,53,0,-1,0.6466666666666666,0.9540842771530151
562,0.006258698224852071,5,0.9223429857340759,97,29,0,-1,0.7698412698412699,0.943101167678833
563,0.006258698224852071,6,0.9222601081594838,96,18,-1,-1,0.8421052631578947,0.9321181774139404
564,0.006258698224852071,7,0.916054073201197,96,14,-1,-1,0.8727272727272727,0.9211351871490479
565,0.006258698224852071,8,0.9078717329276524,95,12,-1,-1,0.8878504672897196,0.9101521968841553
566,0.006258698224852071,9,0.9014327120964413,95,8,-1,-1,0.9223300970873787,0.8991690874099731
567,0.006258698224852071,10,0.8921975230111653,93,7,-1,-1,0.93,0.8881860971450806
568,0.006359644970414201,2,0.8118177422857018,97,203,0,0,0.3233333333333333,0.9755830764770508
569,0.006359644970414201,3,0.8660418308342426,97,118,0,-1,0.4511627906976744,0.9646000862121582
570,0.006359644970414201,4,0.9155592228451269,97,47,0,-1,0.6736111111111112,0.9536170959472656
571,0.006359644970414201,5,0.922817900702115,97,28,0,-1,0.776,0.9426339864730835
572,0.006359644970414201,6,0.9218483640308766,96,18,-1,-1,0.8421052631578947,0.9316508769989014
573,0.006359644970414201,7,0.9156382138530896,96,14,-1,-1,0.8727272727272727,0.9206680059432983
574,0.006359644970414201,8,0.9073426021347119,94,12,-1,-1,0.8867924528301887,0.9096848964691162
575,0.006359644970414201,9,0.9009372785683518,94,8,-1,-1,0.9215686274509803,0.8987017869949341
576,0.006359644970414201,10,0.891773123688467,93,7,-1,-1,0.93,0.8877187967300415
577,0.006460591715976331,2,0.8115266318266581,97,203,0,0,0.3233333333333333,0.9751160144805908
578,0.006460591715976331,3,0.8734985565763497,97,108,0,-1,0.47317073170731705,0.9641327857971191
579,0.006460591715976331,4,0.9177692049586605,97,44,0,-1,0.6879432624113475,0.9531497955322266
580,0.006460591715976331,5,0.9241724740625167,97,26,0,-1,0.7886178861788617,0.9421666860580444
581,0.006460591715976331,6,0.9223220571572925,96,17,-1,-1,0.8495575221238938,0.9311838150024414
582,0.006460591715976331,7,0.9160956760573818,96,13,-1,-1,0.8807339449541285,0.9202008247375488
583,0.006460591715976331,8,0.9078001369631205,94,11,-1,-1,0.8952380952380953,0.9092177152633667
584,0.006460591715976331,9,0.9013132695004317,93,7,-1,-1,0.93,0.8982347249984741
585,0.006460591715976331,10,0.8913487898004584,93,7,-1,-1,0.93,0.887251615524292
586,0.0065615384615384615,2,0.8112352283828269,97,203,0,0,0.3233333333333333,0.9746485948562622
587,0.0065615384615384615,3,0.8778949533119971,97,102,0,-1,0.48743718592964824,0.9636657238006592
588,0.0065615384615384615,4,0.9191178668816494,97,42,0,-1,0.697841726618705,0.952682614326477
589,0.0065615384615384615,5,0.9246484726527635,97,25,0,-1,0.7950819672131147,0.9416995048522949
590,0.0065615384615384615,6,0.9236836045037972,96,15,-1,-1,0.8648648648648649,0.9307166337966919
591,0.0065615384615384615,7,0.9165530654919348,96,12,-1,-1,0.8888888888888888,0.9197335243225098
592,0.0065615384615384615,8,0.9990835903929612,94,10,-1,-1,0.9038461538461539,0.9087506532669067
593,0.0065615384615384615,9,0.9008897899702338,93,7,-1,-1,0.93,0.8977674245834351
594,0.0065615384615384615,10,0.8909245213734401,93,7,-1,-1,0.93,0.886784553527832
595,0.006662485207100591,2,0.810943977840866,97,203,0,0,0.3233333333333333,0.9741815328598022
596,0.006662485207100591,3,0.8839434195263709,97,94,0,-1,0.5078534031413613,0.9631984233856201
597,0.006662485207100591,4,0.9195973721029875,97,41,0,-1,0.7028985507246377,0.952215313911438
598,0.006662485207100591,5,0.9249041340730111,96,24,-1,-1,0.8,0.941232442855835
599,0.006662485207100591,6,0.9241580369912379,96,14,-1,-1,0.8727272727272727,0.9302492141723633
600,0.006662485207100591,7,0.9170107005692927,96,11,-1,-1,0.897196261682243,0.9192664623260498
601,0.006662485207100591,8,0.9986213228583496,94,10,-1,-1,0.9038461538461539,0.9082832336425781
602,0.006662485207100591,9,0.9004663757792509,93,7,-1,-1,0.93,0.8973002433776855
603,0.006662485207100591,10,0.8905001018269485,93,7,-1,-1,0.93,0.8863173723220825
604,0.006763431952662722,2,0.8106525828829924,97,203,0,0,0.3233333333333333,0.9737143516540527
605,0.006763431952662722,3,0.8917121203612913,97,84,0,-1,0.5359116022099447,0.9627313613891602
606,0.006763431952662722,4,0.9209507453867037,97,39,0,-1,0.7132352941176471,0.951748251914978
607,0.006763431952662722,5,0.9262820597512293,96,22,-1,-1,0.8135593220338984,0.9407651424407959
608,0.006763431952662722,6,0.9255243913040766,96,12,-1,-1,0.8888888888888888,0.9297822713851929
609,0.006763431952662722,7,0.9165921699691155,96,11,-1,-1,0.897196261682243,0.9187991619110107
610,0.006763431952662722,8,0.9981593612736326,94,10,-1,-1,0.9038461538461539,0.9078161716461182
611,0.006763431952662722,9,0.9000430269537059,93,7,-1,-1,0.93,0.8968331813812256
612,0.006763431952662722,10,0.8900754228073788,93,7,-1,-1,0.93,0.8858499526977539
613,0.006864378698224852,2,0.8103610434302471,97,203,0,0,0.3233333333333333,0.9732470512390137
614,0.006864378698224852,3,0.8938153130851413,97,81,0,-1,0.5449438202247191,0.9622640609741211
615,0.006864378698224852,4,0.9214314926711767,97,38,0,-1,0.7185185185185186,0.9512810707092285
616,0.006864378698224852,5,0.9258744200270106,96,22,-1,-1,0.8135593220338984,0.9402979612350464
617,0.006864378698224852,6,0.9251075359345832,96,12,-1,-1,0.8888888888888888,0.9293148517608643
618,0.006864378698224852,7,0.9161735958734669,96,11,-1,-1,0.897196261682243,0.9183318614959717
619,0.006864378698224852,8,0.9976971161121833,94,10,-1,-1,0.9038461538461539,0.9073488712310791
620,0.006864378698224852,9,0.8996193112453402,93,7,-1,-1,0.93,0.896365761756897
621,0.006864378698224852,10,0.8896510258689174,93,7,-1,-1,0.93,0.885382890701294
622,0.006965325443786982,2,0.8100695082019352,97,203,0,0,0.3233333333333333,0.9727798700332642
623,0.006965325443786982,3,0.9000849496441121,97,73,0,-1,0.5705882352941176,0.9617968797683716
624,0.006965325443786982,4,0.9219122533853905,97,37,0,-1,0.7238805970149254,0.9508137702941895
625,0.006965325443786982,5,0.9254667342014273,96,22,-1,-1,0.8135593220338984,0.9398307800292969
626,0.006965325443786982,6,0.9246908495813074,96,12,-1,-1,0.8888888888888888,0.9288476705551147
627,0.006965325443786982,7,0.9157551918670661,96,11,-1,-1,0.897196261682243,0.9178647994995117
628,0.006965325443786982,8,0.9972350590453386,94,10,-1,-1,0.9038461538461539,0.9068818092346191
629,0.006965325443786982,9,0.8991959851062645,93,7,-1,-1,0.93,0.8958988189697266
630,0.006965325443786982,10,0.8892263694225248,93,7,-1,-1,0.93,0.8849155902862549
631,0.007066272189349112,2,0.8097779028093732,97,203,0,0,0.3233333333333333,0.9723126888275146
632,0.007066272189349112,3,0.9030672184252422,97,69,0,-1,0.5843373493975904,0.9613296985626221
633,0.007066272189349112,4,0.9223932280540853,97,36,0,-1,0.7293233082706767,0.9503465890884399
634,0.007066272189349112,5,0.9259512517886658,96,21,-1,-1,0.8205128205128205,0.9393635988235474
635,0.007066272189349112,6,0.9242741196214598,96,12,-1,-1,0.8888888888888888,0.9283804893493652
636,0.007066272189349112,7,0.9153365307823315,96,11,-1,-1,0.897196261682243,0.9173974990844727
637,0.007066272189349112,8,0.996772600388057,94,10,-1,-1,0.9038461538461539,0.9064143896102905
638,0.007066272189349112,9,0.8987722920278624,93,7,-1,-1,0.93,0.8954315185546875
639,0.007066272189349112,10,0.8888018867846171,93,7,-1,-1,0.93,0.8844485282897949
640,0.0071672189349112425,2,0.8101623254171701,97,202,0,-1,0.32441471571906355,0.9718455076217651
641,0.0071672189349112425,3,0.9103205667289633,97,60,0,-1,0.6178343949044586,0.9608625173568726
642,0.0071672189349112425,4,0.9228744162854133,97,35,0,-1,0.7348484848484849,0.94987952709198
643,0.0071672189349112425,5,0.926435765716863,96,20,-1,-1,0.8275862068965517,0.9388962984085083
644,0.0071672189349112425,6,0.9238573460481946,96,12,-1,-1,0.8888888888888888,0.9279133081436157
645,0.0071672189349112425,7,0.914816981167753,95,11,-1,-1,0.8962264150943396,0.9169303178787231
646,0.0071672189349112425,8,0.9963105657596346,94,10,-1,-1,0.9038461538461539,0.9059474468231201
647,0.0071672189349112425,9,0.8983484481082067,93,7,-1,-1,0.93,0.8949640989303589
648,0.0071672189349112425,10,0.8883772529401186,93,7,-1,-1,0.93,0.8839813470840454
649,0.007268165680473372,2,0.8132651391365187,97,197,0,-1,0.3299319727891156,0.9713783264160156
650,0.007268165680473372,3,0.9116535648627994,97,58,0,-1,0.6258064516129033,0.960395336151123
651,0.007268165680473372,4,0.9242352030810287,97,33,0,-1,0.7461538461538462,0.9494121074676514
652,0.007268165680473372,5,0.9260264705667746,96,20,-1,-1,0.8275862068965517,0.9384292364120483
653,0.007268165680473372,6,0.9234405288546649,96,12,-1,-1,0.8888888888888888,0.9274461269378662
654,0.007268165680473372,7,0.914398325438606,95,11,-1,-1,0.8962264150943396,0.9164630174636841
655,0.007268165680473372,8,0.9958480115026662,94,10,-1,-1,0.9038461538461539,0.9054800271987915
656,0.007268165680473372,9,0.8979248857570349,93,7,-1,-1,0.93,0.8944970369338989
657,0.007268165680473372,10,0.8878881822634624,92,7,-1,-1,0.9292929292929293,0.8835142850875854
658,0.007369112426035503,2,0.8157049947165118,97,193,0,-1,0.33448275862068966,0.9709111452102661
659,0.007369112426035503,3,0.9121314832472303,97,57,0,-1,0.6298701298701299,0.959928035736084
660,0.007369112426035503,4,0.9255999213082127,97,31,0,-1,0.7578125,0.9489450454711914
661,0.007369112426035503,5,0.9274054049939838,96,18,-1,-1,0.8421052631578947,0.9379620552062988
662,0.007369112426035503,6,0.9230236680340224,96,12,-1,-1,0.8888888888888888,0.9269789457321167
663,0.007369112426035503,7,0.9139797329639858,95,11,-1,-1,0.8962264150943396,0.9159958362579346
664,0.007369112426035503,8,0.9953857633705459,94,10,-1,-1,0.9038461538461539,0.9050129652023315
665,0.007369112426035503,9,0.8975012806966151,93,7,-1,-1,0.93,0.894029974937439
666,0.007369112426035503,10,0.8874633076288421,92,7,-1,-1,0.9292929292929293,0.8830468654632568
667,0.007470059171597633,2,0.8188498398478541,97,188,0,-1,0.34035087719298246,0.970443844795227
668,0.007470059171597633,3,0.912609727007599,97,56,0,-1,0.6339869281045751,0.959460973739624
669,0.007470059171597633,4,0.9260831788089696,97,30,0,-1,0.7637795275590551,0.9484778642654419
670,0.007470059171597633,5,0.9286366193244029,95,16,-1,-1,0.8558558558558559,0.9374947547912598
671,0.007470059171597633,6,1.01671870075857,95,10,-1,-1,0.9047619047619048,0.9265116453170776
672,0.007470059171597633,7,1.0067606834639822,94,9,-1,-1,0.912621359223301,0.9155285358428955
673,0.007470059171597633,8,0.9958814767485455,94,9,-1,-1,0.912621359223301,0.9045456647872925
674,0.007470059171597633,9,0.8970773085183795,93,7,-1,-1,0.93,0.8935625553131104
675,0.007470059171597633,10,0.8870386067875944,92,7,-1,-1,0.9292929292929293,0.8825796842575073
676,0.007571005917159763,2,0.8262198551760314,97,177,0,-1,0.354014598540146,0.9699766635894775
677,0.007571005917159763,3,0.9165389615503655,97,51,0,-1,0.6554054054054054,0.958993673324585
678,0.007571005917159763,4,0.9265664434137802,97,29,0,-1,0.7698412698412699,0.9480105638504028
679,0.007571005917159763,5,0.9291318763363199,95,15,-1,-1,0.8636363636363636,0.9370275735855103
680,0.007571005917159763,6,1.0162585007942364,95,10,-1,-1,0.9047619047619048,0.9260445833206177
681,0.007571005917159763,7,1.007278974373053,94,8,-1,-1,0.9215686274509803,0.9150615930557251
682,0.007571005917159763,8,0.9963772047909883,94,8,-1,-1,0.9215686274509803,0.9040783643722534
683,0.007571005917159763,9,0.8966537261323104,93,7,-1,-1,0.93,0.8930956125259399
684,0.007571005917159763,10,0.8866138630266753,92,7,-1,-1,0.9292929292929293,0.8821125030517578
685,0.007671952662721893,2,0.8294459469927848,97,172,0,-1,0.36059479553903345,0.969509482383728
686,0.007671952662721893,3,0.9170209928719661,97,50,0,-1,0.6598639455782312,0.9585264921188354
687,0.007671952662721893,4,0.9270500215585906,97,28,0,-1,0.776,0.9475435018539429
688,0.007671952662721893,5,0.9287184471369301,95,15,-1,-1,0.8636363636363636,0.9365603923797607
689,0.007671952662721893,6,1.015797900997394,95,10,-1,-1,0.9047619047619048,0.9255771636962891
690,0.007671952662721893,7,1.0068156694539507,94,8,-1,-1,0.9215686274509803,0.914594292640686
691,0.007671952662721893,8,0.9959127927523301,94,8,-1,-1,0.9215686274509803,0.9036110639572144
692,0.007671952662721893,9,0.8962296684160087,93,7,-1,-1,0.93,0.8926281929016113
693,0.007671952662721893,10,0.8861889679424981,92,7,-1,-1,0.9292929292929293,0.8816452026367188
694,0.0077728994082840236,2,0.8326970321021184,97,167,0,-1,0.36742424242424243,0.9690423011779785
695,0.0077728994082840236,3,0.9175031559541837,97,49,0,-1,0.6643835616438356,0.9580593109130859
696,0.0077728994082840236,4,0.9284212769221033,97,26,0,-1,0.7886178861788617,0.9470762014389038
697,0.0077728994082840236,5,0.9301226309467597,95,13,-1,-1,0.8796296296296297,0.9360930919647217
698,0.0077728994082840236,6,1.015337606180602,95,10,-1,-1,0.9047619047619048,0.9251101016998291
699,0.0077728994082840236,7,1.007332834027845,94,7,-1,-1,0.9306930693069307,0.9141271114349365
700,0.0077728994082840236,8,0.9964078284796762,94,7,-1,-1,0.9306930693069307,0.9031440019607544
701,0.0077728994082840236,9,0.8958058923994412,93,7,-1,-1,0.93,0.8921611309051514
702,0.0077728994082840236,10,0.8857642467197964,92,7,-1,-1,0.9292929292929293,0.8811781406402588
703,0.007873846153846153,2,0.8395912385661247,97,157,0,-1,0.38188976377952755,0.9685750007629395
704,0.007873846153846153,3,0.9197261660027909,97,46,0,-1,0.6783216783216783,0.9575920104980469
705,0.007873846153846153,4,0.9289058929709179,97,25,0,-1,0.7950819672131147,0.9466090202331543
706,0.007873846153846153,5,0.9297074923297889,95,13,-1,-1,0.8796296296296297,0.9356259107589722
707,0.007873846153846153,6,1.014877146444496,95,10,-1,-1,0.9047619047619048,0.9246429204940796
708,0.007873846153846153,7,1.0068686503896227,94,7,-1,-1,0.9306930693069307,0.913659930229187
709,0.007873846153846153,8,0.9959427828065057,94,7,-1,-1,0.9306930693069307,0.902677059173584
710,0.007873846153846153,9,0.895382073641304,93,7,-1,-1,0.93,0.8916940689086914
711,0.007873846153846153,10,0.8853392657418259,92,7,-1,-1,0.9292929292929293,0.8807108402252197
712,0.007974792899408284,2,0.8458620747047825,97,148,0,-1,0.39591836734693875,0.9681078195571899
713,0.007974792899408284,3,0.9219596934923031,97,43,0,-1,0.6928571428571428,0.9571248292922974
714,0.007974792899408284,4,0.9293906151395693,97,24,0,-1,0.8016528925619835,0.9461418390274048
715,0.007974792899408284,5,0.9292924158389898,95,13,-1,-1,0.8796296296296297,0.9351588487625122
716,0.007974792899408284,6,1.0144165217454213,95,10,-1,-1,0.9047619047619048,0.9241756200790405
717,0.007974792899408284,7,1.0064043015999544,94,7,-1,-1,0.9306930693069307,0.913192629814148
718,0.007974792899408284,8,0.9954772153544262,94,7,-1,-1,0.9306930693069307,0.9022096395492554
719,0.007974792899408284,9,0.8949579957579513,93,7,-1,-1,0.93,0.8912267684936523
720,0.007974792899408284,10,0.8849145670860877,92,7,-1,-1,0.9292929292929293,0.8802438974380493
721,0.008075739644970414,2,0.8559872596937389,97,134,0,-1,0.4199134199134199,0.9676406383514404
722,0.008075739644970414,3,0.9224459232051213,97,42,0,-1,0.697841726618705,0.9566576480865479
723,0.008075739644970414,4,0.9289849889697783,97,24,0,-1,0.8016528925619835,0.9456747770309448
724,0.008075739644970414,5,0.9288771895856024,95,13,-1,-1,0.8796296296296297,0.9346916675567627
725,0.008075739644970414,6,1.013956084613109,95,10,-1,-1,0.9047619047619048,0.9237085580825806
726,0.008075739644970414,7,1.0059401430386397,94,7,-1,-1,0.9306930693069307,0.912725567817688
727,0.008075739644970414,8,0.9950119572568482,94,7,-1,-1,0.9306930693069307,0.9017425775527954
728,0.008075739644970414,9,0.8945338750764303,93,7,-1,-1,0.93,0.8907594680786133
729,0.008075739644970414,10,0.8844893917583257,92,7,-1,-1,0.9292929292929293,0.8797764778137207
730,0.008176686390532545,2,0.8625057998152678,97,125,0,-1,0.4369369369369369,0.9671735763549805
731,0.008176686390532545,3,0.9238112686186641,97,40,0,-1,0.708029197080292,0.9561904668807983
732,0.008176686390532545,4,0.9294688880274649,97,23,0,-1,0.8083333333333333,0.9452074766159058
733,0.008176686390532545,5,0.9284618135291344,95,13,-1,-1,0.8796296296296297,0.9342243671417236
734,0.008176686390532545,6,1.0134953649665783,95,10,-1,-1,0.9047619047619048,0.9232412576675415
735,0.008176686390532545,7,1.0054757008256727,94,7,-1,-1,0.9306930693069307,0.9122582674026489
736,0.008176686390532545,8,0.9945464147802481,94,7,-1,-1,0.9306930693069307,0.9012752771377563
737,0.008176686390532545,9,0.8941098198006918,93,7,-1,-1,0.93,0.8902922868728638
738,0.008176686390532545,10,0.8840641734279748,92,7,-1,-1,0.9292929292929293,0.8793090581893921
739,0.008277633136094675,2,0.8714663929833979,97,113,0,-1,0.46190476190476193,0.9667062759399414
740,0.008277633136094675,3,0.9234187744116191,97,40,0,-1,0.708029197080292,0.9557232856750488
741,0.008277633136094675,4,0.930845407804068,97,21,0,-1,0.8220338983050848,0.9447402954101562
742,0.008277633136094675,5,0.928046499589202,95,13,-1,-1,0.8796296296296297,0.9337571859359741
743,0.008277633136094675,6,1.0130348329205814,95,10,-1,-1,0.9047619047619048,0.9227741956710815
744,0.008277633136094675,7,1.0050115673726667,94,7,-1,-1,0.9306930693069307,0.9117913246154785
745,0.008277633136094675,8,0.9940809441821116,94,7,-1,-1,0.9306930693069307,0.9008080959320068
746,0.008277633136094675,9,0.893620600249984,92,7,-1,-1,0.9292929292929293,0.8898253440856934
747,0.008277633136094675,10,0.8836392374770563,92,7,-1,-1,0.9292929292929293,0.8788419961929321
748,0.008378579881656804,2,0.8758440638248038,97,107,0,-1,0.47549019607843135,0.9662390947341919
749,0.008378579881656804,3,0.9239053939836646,97,39,0,-1,0.7132352941176471,0.9552561044692993
750,0.008378579881656804,4,0.9304371989366681,97,21,0,-1,0.8220338983050848,0.9442731142044067
751,0.008378579881656804,5,0.9276311418011751,95,13,-1,-1,0.8796296296296297,0.9332900047302246
752,0.008378579881656804,6,1.0125740182972347,95,10,-1,-1,0.9047619047619048,0.9223068952560425
753,0.008378579881656804,7,1.0045470317201293,94,7,-1,-1,0.9306930693069307,0.9113240242004395
754,0.008378579881656804,8,0.9936154267005008,94,7,-1,-1,0.9306930693069307,0.9003409147262573
755,0.008378579881656804,9,0.8931963049795544,92,7,-1,-1,0.9292929292929293,0.8893579244613647
756,0.008378579881656804,10,0.8832143670501081,92,7,-1,-1,0.9292929292929293,0.8783750534057617
757,0.008479526627218934,2,0.8842778787961242,97,96,0,-1,0.5025906735751295,0.9657717943191528
758,0.008479526627218934,3,0.9261573634115953,97,36,0,-1,0.7293233082706767,0.9547889232635498
759,0.008479526627218934,4,0.9309214007362807,97,20,0,-1,0.8290598290598291,0.9438058137893677
760,0.008479526627218934,5,0.9272157401581097,95,13,-1,-1,0.8796296296296297,0.9328228235244751
761,0.008479526627218934,6,1.0121132737352747,95,10,-1,-1,0.9047619047619048,0.921839714050293
762,0.008479526627218934,7,1.0040088282794182,93,7,-1,-1,0.93,0.9108564853668213
763,0.008479526627218934,8,0.9027981352598151,93,7,-1,-1,0.93,0.8998736143112183
764,0.008479526627218934,9,0.8927720750673682,92,7,-1,-1,0.9292929292929293,0.8888906240463257
765,0.008479526627218934,10,0.8827891282344268,92,7,-1,-1,0.9292929292929293,0.8779077529907227
766,0.008580473372781065,2,0.8895999693395293,97,89,0,-1,0.521505376344086,0.9653046131134033
767,0.008580473372781065,3,0.9266460998000157,97,35,0,-1,0.7348484848484849,0.9543217420578003
768,0.008580473372781065,4,0.9314058057519019,97,19,0,-1,0.8362068965517241,0.9433386325836182
769,0.008580473372781065,5,0.9277053447444917,95,12,-1,-1,0.8878504672897196,0.9323556423187256
770,0.008580473372781065,6,1.0126327998461246,95,9,-1,-1,0.9134615384615384,0.9213725328445435
771,0.008580473372781065,7,1.0035446225462035,93,7,-1,-1,0.93,0.9103895425796509
772,0.008580473372781065,8,0.9023749134580306,93,7,-1,-1,0.93,0.8994064331054688
773,0.008580473372781065,9,0.8923481270163454,92,7,-1,-1,0.9292929292929293,0.8884236812591553
774,0.008580473372781065,10,0.8823638464120093,92,7,-1,-1,0.9292929292929293,0.8774404525756836
775,0.008681420118343195,2,0.8941612406348538,97,83,0,-1,0.5388888888888889,0.9648375511169434
776,0.008681420118343195,3,0.9271349637282124,97,34,0,-1,0.7404580152671756,0.9538545608520508
777,0.008681420118343195,4,0.932786447549894,97,17,0,-1,0.8508771929824561,0.9428714513778687
778,0.008681420118343195,5,0.9272890436792526,95,12,-1,-1,0.8878504672897196,0.9318884611129761
779,0.008681420118343195,6,1.0121710669270256,95,9,-1,-1,0.9134615384615384,0.920905351638794
780,0.008681420118343195,7,1.0030800145123524,93,7,-1,-1,0.93,0.9099222421646118
781,0.008681420118343195,8,0.9019515409844275,93,7,-1,-1,0.93,0.8989391326904297
782,0.008681420118343195,9,0.8919235949244432,92,7,-1,-1,0.9292929292929293,0.8879561424255371
783,0.008681420118343195,10,0.8819385215763312,92,7,-1,-1,0.9292929292929293,0.8769731521606445
784,0.008782366863905326,2,0.9004376174455221,97,75,0,-1,0.563953488372093,0.9643702507019043
785,0.008782366863905326,3,0.9294014504868233,97,31,0,-1,0.7578125,0.9533872604370117
786,0.008782366863905326,4,0.9341707795166819,97,15,0,-1,0.8660714285714286,0.9424042701721191
787,0.008782366863905326,5,0.9277777841426795,95,11,-1,-1,0.8962264150943396,0.931421160697937
788,0.008782366863905326,6,1.0117094046513186,95,9,-1,-1,0.9134615384615384,0.920438289642334
789,0.008782366863905326,7,1.0026154782248378,93,7,-1,-1,0.93,0.9094550609588623
790,0.008782366863905326,8,0.9015283418584314,93,7,-1,-1,0.93,0.8984720706939697
791,0.008782366863905326,9,0.8914994529627646,92,7,-1,-1,0.9292929292929293,0.8874890804290771
792,0.008782366863905326,10,0.8815134792739417,92,7,-1,-1,0.9292929292929293,0.8765062093734741
793,0.008883313609467456,2,0.9059555324701054,97,68,0,-1,0.5878787878787879,0.9639030694961548
794,0.008883313609467456,3,0.9307847418554924,97,29,0,-1,0.7698412698412699,0.9529200792312622
795,0.008883313609467456,4,0.9337575037201115,97,15,0,-1,0.8660714285714286,0.9419369697570801
796,0.008883313609467456,5,0.9273605823548843,95,11,-1,-1,0.8962264150943396,0.9309539794921875
797,0.008883313609467456,6,1.011247341651206,95,9,-1,-1,0.9134615384615384,0.9199708700180054
798,0.008883313609467456,7,1.002151013712401,93,7,-1,-1,0.93,0.9089879989624023
799,0.008883313609467456,8,0.9011051000781151,93,7,-1,-1,0.93,0.8980050086975098
800,0.008883313609467456,9,0.8910752681715739,92,7,-1,-1,0.9292929292929293,0.8870220184326172
801,0.008883313609467456,10,0.8810881769537574,92,7,-1,-1,0.9292929292929293,0.8760390281677246
802,0.008984260355029585,2,0.908127537848936,97,65,0,-1,0.5987654320987654,0.9634358882904053
803,0.008984260355029585,3,0.9303835619507257,97,29,0,-1,0.7698412698412699,0.9524528980255127
804,0.008984260355029585,4,0.9333443945995816,97,15,0,-1,0.8660714285714286,0.9414699077606201
805,0.008984260355029585,5,1.0206335335438312,95,10,-1,-1,0.9047619047619048,0.930486798286438
806,0.008984260355029585,6,1.0106919848968963,94,9,-1,-1,0.912621359223301,0.9195038080215454
807,0.008984260355029585,7,1.001686383875322,93,7,-1,-1,0.93,0.9085208177566528
808,0.008984260355029585,8,0.9006814915131468,93,7,-1,-1,0.93,0.8975375890731812
809,0.008984260355029585,9,0.8906507156982401,92,7,-1,-1,0.9292929292929293,0.8865545988082886
810,0.008984260355029585,10,0.88066261454341,92,7,-1,-1,0.9292929292929293,0.875571608543396
811,0.009085207100591715,2,0.9094561274657214,97,63,0,-1,0.60625,0.9629687070846558
812,0.009085207100591715,3,0.9308748057426903,97,28,0,-1,0.776,0.9519857168197632
813,0.009085207100591715,4,0.9329311358485924,97,15,0,-1,0.8660714285714286,0.9410027265548706
814,0.009085207100591715,5,1.0201736193800008,95,10,-1,-1,0.9047619047619048,0.9300196170806885
815,0.009085207100591715,6,1.0102300308336,94,9,-1,-1,0.912621359223301,0.9190365076065063
816,0.009085207100591715,7,1.0012214700945388,93,7,-1,-1,0.93,0.9080533981323242
817,0.009085207100591715,8,0.9002581643721679,93,7,-1,-1,0.93,0.8970705270767212
818,0.009085207100591715,9,0.8902263369027655,92,7,-1,-1,0.9292929292929293,0.8860874176025391
819,0.009085207100591715,10,0.8802371176223585,92,7,-1,-1,0.9292929292929293,0.8751043081283569
820,0.009186153846153846,2,0.9107882452714512,97,61,0,-1,0.6139240506329114,0.9625015258789062
821,0.009186153846153846,3,0.9322613041274854,97,26,0,-1,0.7886178861788617,0.9515185356140137
822,0.009186153846153846,4,0.9334150739246513,97,14,0,-1,0.8738738738738738,0.9405354261398315
823,0.009186153846153846,5,1.019713540476756,95,10,-1,-1,0.9047619047619048,0.9295523166656494
824,0.009186153846153846,6,1.0097682652201696,94,9,-1,-1,0.912621359223301,0.9185694456100464
825,0.009186153846153846,7,1.0007568652319276,93,7,-1,-1,0.93,0.9075863361358643
826,0.009186153846153846,8,0.8998345784313436,93,7,-1,-1,0.93,0.8966032266616821
827,0.009186153846153846,9,0.8898020235403592,92,7,-1,-1,0.9292929292929293,0.8856203556060791
828,0.009186153846153846,10,0.8798119033402115,92,7,-1,-1,0.9292929292929293,0.8746373653411865
829,0.009287100591715976,2,0.9138425389336035,97,57,0,-1,0.6298701298701299,0.9620343446731567
830,0.009287100591715976,3,0.9336514380131833,97,24,0,-1,0.8016528925619835,0.9510512351989746
831,0.009287100591715976,4,0.9330009310259465,97,14,0,-1,0.8738738738738738,0.940068244934082
832,0.009287100591715976,5,1.0192535315609113,95,10,-1,-1,0.9047619047619048,0.9290851354598999
833,0.009287100591715976,6,1.009306216619423,94,9,-1,-1,0.912621359223301,0.9181021451950073
834,0.009287100591715976,7,1.0002920949876473,93,7,-1,-1,0.93,0.9071191549301147
835,0.009287100591715976,8,0.8994110578407876,93,7,-1,-1,0.93,0.8961360454559326
836,0.009287100591715976,9,0.8893775590076076,92,7,-1,-1,0.9292929292929293,0.8851531744003296
837,0.009287100591715976,10,0.8793864289263607,92,7,-1,-1,0.9292929292929293,0.874170184135437
838,0.009388047337278107,2,0.9134631190734235,97,57,0,-1,0.6298701298701299,0.9615671634674072
839,0.009388047337278107,3,0.9359476483463357,97,21,0,-1,0.8220338983050848,0.9505840539932251
840,0.009388047337278107,4,0.9325867441768694,97,14,0,-1,0.8738738738738738,0.9396010637283325
841,0.009388047337278107,5,1.0187934752641243,95,10,-1,-1,0.9047619047619048,0.9286179542541504
842,0.009388047337278107,6,1.0088442386146401,94,9,-1,-1,0.912621359223301,0.9176349639892578
843,0.009388047337278107,7,0.9998271593187934,93,7,-1,-1,0.93,0.9066518545150757
844,0.009388047337278107,8,0.8989874945418501,93,7,-1,-1,0.93,0.8956688642501831
845,0.009388047337278107,9,0.8889530515910022,92,7,-1,-1,0.9292929292929293,0.8846859931945801
846,0.009388047337278107,10,0.8789608028919565,92,7,-1,-1,0.9292929292929293,0.873702883720398
847,0.009488994082840237,2,0.9156693715012402,97,54,0,-1,0.6423841059602649,0.9610998630523682
848,0.009488994082840237,3,0.9355401147635212,97,21,0,-1,0.8220338983050848,0.9501169919967651
849,0.009488994082840237,4,0.9330691952847704,97,13,0,-1,0.8818181818181818,0.939133882522583
850,0.009488994082840237,5,1.018333371579074,95,10,-1,-1,0.9047619047619048,0.9281507730484009
851,0.009488994082840237,6,1.0083820954353535,94,9,-1,-1,0.912621359223301,0.9171676635742188
852,0.009488994082840237,7,0.9993622954303681,93,7,-1,-1,0.93,0.9061846733093262
853,0.009488994082840237,8,0.8985638885280709,93,7,-1,-1,0.93,0.8952016830444336
854,0.009488994082840237,9,0.8885283929472847,92,7,-1,-1,0.9292929292929293,0.884218692779541
855,0.009488994082840237,10,0.8785351337920596,92,7,-1,-1,0.9292929292929293,0.8732355833053589
856,0.009589940828402366,2,0.9170182812183654,97,52,0,-1,0.6510067114093959,0.9606326818466187
857,0.009589940828402366,3,0.9369387422608377,97,19,0,-1,0.8362068965517241,0.9496495723724365
858,0.009589940828402366,4,0.9335516263286082,97,12,0,-1,0.8899082568807339,0.938666582107544
859,0.009589940828402366,5,1.0178732204984384,95,10,-1,-1,0.9047619047619048,0.9276835918426514
860,0.009589940828402366,6,1.0079201407734073,94,9,-1,-1,0.912621359223301,0.9167006015777588
861,0.009589940828402366,7,0.9988975033511399,93,7,-1,-1,0.93,0.9057176113128662
862,0.009589940828402366,8,0.8981401316863015,93,7,-1,-1,0.93,0.8947343826293945
863,0.009589940828402366,9,0.888103799732526,92,7,-1,-1,0.9292929292929293,0.8837515115737915
864,0.009589940828402366,10,0.878109747436735,92,7,-1,-1,0.9292929292929293,0.8727686405181885
865,0.009690887573964496,2,0.9175021301153053,97,51,0,-1,0.6554054054054054,0.9601655006408691
866,0.009690887573964496,3,0.9374346291872657,97,18,0,-1,0.8434782608695652,0.9491825103759766
867,0.009690887573964496,4,0.9331356052609194,97,12,0,-1,0.8899082568807339,0.9381992816925049
868,0.009690887573964496,5,1.0184045416726704,95,9,-1,-1,0.9134615384615384,0.9272164106369019
869,0.009690887573964496,6,1.0084405756096007,94,8,-1,-1,0.9215686274509803,0.9162334203720093
870,0.009690887573964496,7,0.998432545814168,93,7,-1,-1,0.93,0.9052504301071167
871,0.009690887573964496,8,0.8977167645653089,93,7,-1,-1,0.93,0.8942675590515137
872,0.009690887573964496,9,0.8876791636144101,92,7,-1,-1,0.9292929292929293,0.883284330368042
873,0.009690887573964496,10,0.8776839922192117,92,7,-1,-1,0.9292929292929293,0.8723013401031494
874,0.009791834319526627,2,0.9171181759152117,97,51,0,-1,0.6554054054054054,0.9596983194351196
875,0.009791834319526627,3,0.937930532500359,97,17,0,-1,0.8508771929824561,0.948715329170227
876,0.009791834319526627,4,0.9327197530242455,97,12,0,-1,0.8899082568807339,0.9377322196960449
877,0.009791834319526627,5,1.0179432808053852,95,9,-1,-1,0.9134615384615384,0.9267491102218628
878,0.009791834319526627,6,1.0079773885779904,94,8,-1,-1,0.9215686274509803,0.9157661199569702
879,0.009791834319526627,7,0.9979675414363336,93,7,-1,-1,0.93,0.9047832489013672
880,0.009791834319526627,8,0.8972925978760639,93,7,-1,-1,0.93,0.893799901008606
881,0.009791834319526627,9,0.8872543762168272,92,7,-1,-1,0.9292929292929293,0.8828170299530029
882,0.009791834319526627,10,0.877258193916587,92,7,-1,-1,0.9292929292929293,0.8718340396881104
883,0.009892781065088757,2,0.9167341694026857,97,51,0,-1,0.6554054054054054,0.9592311382293701
884,0.009892781065088757,3,0.9375195522435956,97,17,0,-1,0.8508771929824561,0.9482481479644775
885,0.009892781065088757,4,0.9323037512116873,97,12,0,-1,0.8899082568807339,0.9372650384902954
886,0.009892781065088757,5,1.017482208183947,95,9,-1,-1,0.9134615384615384,0.9262820482254028
887,0.009892781065088757,6,1.0075142727186324,94,8,-1,-1,0.9215686274509803,0.9152989387512207
888,0.009892781065088757,7,0.9975024902105581,93,7,-1,-1,0.93,0.9043160676956177
889,0.009892781065088757,8,0.8968689290558767,93,7,-1,-1,0.93,0.893332839012146
890,0.009892781065088757,9,0.8868297626420938,92,7,-1,-1,0.9292929292929293,0.882349967956543
891,0.009892781065088757,10,0.8768325697993259,92,7,-1,-1,0.9292929292929293,0.8713669776916504
892,0.009993727810650888,2,0.918954395670492,97,48,0,-1,0.6689655172413793,0.958763837814331
893,0.009993727810650888,3,0.9380146301183359,97,16,0,-1,0.8584070796460177,0.9477808475494385
894,0.009993727810650888,4,0.9327837333856772,97,11,0,-1,0.8981481481481481,0.9367977380752563
895,0.009993727810650888,5,1.0180114902072346,95,8,-1,-1,0.9223300970873787,0.9258146286010742
896,0.009993727810650888,6,1.0080327522053865,94,7,-1,-1,0.9306930693069307,0.9148316383361816
897,0.009993727810650888,7,0.9970371547623095,93,7,-1,-1,0.93,0.9038486480712891
898,0.009993727810650888,8,0.8964450012097132,93,7,-1,-1,0.93,0.8928655385971069
899,0.009993727810650888,9,0.8864048893833707,92,7,-1,-1,0.9292929292929293,0.8818826675415039
900,0.009993727810650888,10,0.8764065766793692,92,7,-1,-1,0.9292929292929293,0.8708995580673218
901,0.010094674556213018,2,0.9194387862302648,97,47,0,-1,0.6736111111111112,0.9582966566085815
902,0.010094674556213018,3,0.9376027653594172,97,16,0,-1,0.8584070796460177,0.947313666343689
903,0.010094674556213018,4,0.9323669505836564,97,11,0,-1,0.8981481481481481,0.9363306760787964
904,0.010094674556213018,5,1.0175494246227377,95,8,-1,-1,0.9223300970873787,0.9253475666046143
905,0.010094674556213018,6,1.007494981315279,93,7,-1,-1,0.93,0.9143646955490112
906,0.010094674556213018,7,0.9965720097954932,93,7,-1,-1,0.93,0.9033814668655396
907,0.010094674556213018,8,0.8960211387493187,93,7,-1,-1,0.93,0.8923983573913574
908,0.010094674556213018,9,0.8859800815758273,92,7,-1,-1,0.9292929292929293,0.8814154863357544
909,0.010094674556213018,10,0.8759810837351467,92,7,-1,-1,0.9292929292929293,0.8704327344894409
910,0.010195621301775147,2,0.919051803460838,97,47,0,-1,0.6736111111111112,0.9578295946121216
911,0.010195621301775147,3,0.9380972233814909,97,15,0,-1,0.8660714285714286,0.9468464851379395
912,0.010195621301775147,4,0.9319499118292812,97,11,0,-1,0.8981481481481481,0.9358633756637573
913,0.010195621301775147,5,1.0180042228890045,94,7,-1,-1,0.9306930693069307,0.9248803853988647
914,0.010195621301775147,6,1.0070307710553517,93,7,-1,-1,0.93,0.9138973951339722
915,0.010195621301775147,7,0.996106817959488,93,7,-1,-1,0.93,0.90291428565979
916,0.010195621301775147,8,0.8955972335288194,93,7,-1,-1,0.93,0.8919311761856079
917,0.010195621301775147,9,0.8855551224189699,92,7,-1,-1,0.9292929292929293,0.8809481859207153
918,0.010195621301775147,10,0.8755551130816912,92,7,-1,-1,0.9292929292929293,0.8699654340744019
919,0.010296568047337277,2,0.9195354423716331,97,46,0,-1,0.6783216783216783,0.9573622941970825
920,0.010296568047337277,3,0.9395009814358557,97,13,0,-1,0.8818181818181818,0.9463794231414795
921,0.010296568047337277,4,1.0266581182412304,97,9,0,-1,0.9150943396226415,0.9353961944580078
922,0.010296568047337277,5,1.0175411119677704,94,7,-1,-1,0.9306930693069307,0.9244132041931152
923,0.010296568047337277,6,1.0065666325003482,93,7,-1,-1,0.93,0.9134302139282227
924,0.010296568047337277,7,0.9956416979668182,93,7,-1,-1,0.93,0.9024472236633301
925,0.010296568047337277,8,0.8951732855417437,93,7,-1,-1,0.93,0.8914639949798584
926,0.010296568047337277,9,0.8851303371465684,92,7,-1,-1,0.9292929292929293,0.8804811239242554
927,0.010296568047337277,10,0.875128881945456,92,7,-1,-1,0.9292929292929293,0.8694978952407837
928,0.010397514792899408,2,0.9200193105797201,97,45,0,-1,0.6830985915492958,0.956895112991333
929,0.010397514792899408,3,0.9390864805889072,97,13,0,-1,0.8818181818181818,0.9459121227264404
930,0.010397514792899408,4,1.0261976307845704,97,9,0,-1,0.9150943396226415,0.9349290132522583
931,0.010397514792899408,5,1.0170778363306314,94,7,-1,-1,0.9306930693069307,0.9239459037780762
932,0.010397514792899408,6,1.00610244722819,93,7,-1,-1,0.93,0.9129630327224731
933,0.010397514792899408,7,0.9951762936515717,93,7,-1,-1,0.93,0.901979923248291
934,0.010397514792899408,8,0.8947494029755835,93,7,-1,-1,0.93,0.8909969329833984
935,0.010397514792899408,9,0.8847050752057888,92,7,-1,-1,0.9292929292929293,0.8800135850906372
936,0.010397514792899408,10,0.8747031511082904,92,7,-1,-1,0.9292929292929293,0.8690309524536133
937,0.010498461538461538,2,0.9196306042222142,97,45,0,-1,0.6830985915492958,0.9564279317855835
938,0.010498461538461538,3,0.93854894574506,96,13,-1,-1,0.8807339449541285,0.9454448223114014
939,0.010498461538461538,4,1.0255501786592391,95,9,-1,-1,0.9134615384615384,0.9344617128372192
940,0.010498461538461538,5,1.0165394050958811,93,7,-1,-1,0.93,0.9234787225723267
941,0.010498461538461538,6,1.0056380967691119,93,7,-1,-1,0.93,0.9124957323074341
942,0.010498461538461538,7,0.9947109611654874,93,7,-1,-1,0.93,0.9015127420425415
943,0.010498461538461538,8,0.8943251530370911,93,7,-1,-1,0.93,0.8905295133590698
944,0.010498461538461538,9,0.8842803124753685,92,7,-1,-1,0.9292929292929293,0.8795466423034668
945,0.010498461538461538,10,0.8742770510927703,92,7,-1,-1,0.9292929292929293,0.8685636520385742
946,0.010599408284023669,2,0.9201137134492117,97,44,0,-1,0.6879432624113475,0.9559606313705444
947,0.010599408284023669,3,0.9381345720109717,96,13,-1,-1,0.8807339449541285,0.9449776411056519
948,0.010599408284023669,4,1.025089765048293,95,9,-1,-1,0.9134615384615384,0.9339945316314697
949,0.010599408284023669,5,1.01607622310039,93,7,-1,-1,0.93,0.9230115413665771
950,0.010599408284023669,6,1.0051738180295566,93,7,-1,-1,0.93,0.9120285511016846
951,0.010599408284023669,7,0.9942457005373744,93,7,-1,-1,0.93,0.9010456800460815
952,0.010599408284023669,8,0.893901293132131,93,7,-1,-1,0.93,0.8900625705718994
953,0.010599408284023669,9,0.883855506826851,92,7,-1,-1,0.9292929292929293,0.8790796995162964
954,0.010599408284023669,10,0.8738510166552872,92,7,-1,-1,0.9292929292929293,0.8680964708328247
955,0.010700355029585799,2,0.9197241669975948,97,44,0,-1,0.6879432624113475,0.9554934501647949
956,0.010700355029585799,3,0.9377201546324039,96,13,-1,-1,0.8807339449541285,0.9445104598999023
957,0.010700355029585799,4,1.0246294219461478,95,9,-1,-1,0.9134615384615384,0.9335274696350098
958,0.010700355029585799,5,1.0156129945320949,93,7,-1,-1,0.93,0.9225443601608276
959,0.010700355029585799,6,1.0047094925516795,93,7,-1,-1,0.93,0.9115613698959351
960,0.010700355029585799,7,0.9937802742610994,93,7,-1,-1,0.93,0.900578498840332
961,0.010700355029585799,8,0.8934770657982172,93,7,-1,-1,0.93,0.8895952701568604
962,0.010700355029585799,9,0.8834302243808085,92,7,-1,-1,0.9292929292929293,0.8786122798919678
963,0.010700355029585799,10,0.8734250478223027,92,7,-1,-1,0.9292929292929293,0.8676294088363647
964,0.010801301775147928,2,0.9193345696152053,97,44,0,-1,0.6879432624113475,0.9550262689590454
965,0.010801301775147928,3,0.9382217358679716,96,12,-1,-1,0.8888888888888888,0.9440432786941528
966,0.010801301775147928,4,1.0241689143567885,95,9,-1,-1,0.9134615384615384,0.9330602884292603
967,0.010801301775147928,5,1.0151496011654342,93,7,-1,-1,0.93,0.9220770597457886
968,0.010801301775147928,6,1.0042450018299272,93,7,-1,-1,0.93,0.911094069480896
969,0.010801301775147928,7,0.9933145635142131,93,7,-1,-1,0.93,0.9001110792160034
970,0.010801301775147928,8,0.8930530121187925,93,7,-1,-1,0.93,0.8891282081604004
971,0.010801301775147928,9,0.8830051158743362,92,7,-1,-1,0.9292929292929293,0.8781450986862183
972,0.010801301775147928,10,0.8729986009327958,92,7,-1,-1,0.9292929292929293,0.8671618700027466
973,0.010902248520710058,2,0.9198163239099706,97,43,0,-1,0.6928571428571428,0.9545590877532959
974,0.010902248520710058,3,0.9378064207606173,96,12,-1,-1,0.8888888888888888,0.9435760974884033
975,0.010902248520710058,4,1.0237082422370387,95,9,-1,-1,0.9134615384615384,0.9325929880142212
976,0.010902248520710058,5,1.0146863976489926,93,7,-1,-1,0.93,0.9216099977493286
977,0.010902248520710058,6,1.0037805828423,93,7,-1,-1,0.93,0.9106268882751465
978,0.010902248520710058,7,0.9025900394395178,93,7,-1,-1,0.93,0.8996438980102539
979,0.010902248520710058,8,0.8926286991586578,93,7,-1,-1,0.93,0.8886609077453613
980,0.010902248520710058,9,0.8825798558962061,92,7,-1,-1,0.9292929292929293,0.8776777982711792
981,0.010902248520710058,10,0.8725724370876783,92,7,-1,-1,0.9292929292929293,0.8666946887969971
982,0.011003195266272189,2,0.9194258853668745,97,43,0,-1,0.6928571428571428,0.9540919065475464
983,0.011003195266272189,3,0.9373909562703963,96,12,-1,-1,0.8888888888888888,0.9431087970733643
984,0.011003195266272189,4,1.0242506885077225,95,8,-1,-1,0.9223300970873787,0.9321259260177612
985,0.011003195266272189,5,1.0142230293201324,93,7,-1,-1,0.93,0.9211428165435791
986,0.011003195266272189,6,1.00331623561753,93,7,-1,-1,0.93,0.9101598262786865
987,0.011003195266272189,7,0.9021667966607461,93,7,-1,-1,0.93,0.8991767168045044
988,0.011003195266272189,8,0.8921393301332227,92,7,-1,-1,0.9292929292929293,0.8881937265396118
989,0.011003195266272189,9,0.882089708067319,91,7,-1,-1,0.9285714285714286,0.8772107362747192
990,0.011003195266272189,10,0.8720828536431282,91,7,-1,-1,0.9285714285714286,0.8662277460098267
991,0.011104142011834319,2,0.9190353960804349,97,43,0,-1,0.6928571428571428,0.9536247253417969
992,0.011104142011834319,3,0.9369756603646362,96,12,-1,-1,0.8888888888888888,0.9426417350769043
993,0.011104142011834319,4,1.0237890188569116,95,8,-1,-1,0.9223300970873787,0.9316586256027222
994,0.011104142011834319,5,1.0137594961361533,93,7,-1,-1,0.93,0.92067551612854
995,0.011104142011834319,6,1.0028517231157714,93,7,-1,-1,0.93,0.909692645072937
996,0.011104142011834319,7,0.9017432951876473,93,7,-1,-1,0.93,0.8987092971801758
997,0.011104142011834319,8,0.8917149934462412,92,7,-1,-1,0.9292929292929293,0.8877264261245728
998,0.011104142011834319,9,0.8816644248086392,91,7,-1,-1,0.9285714285714286,0.8767434358596802
999,0.011104142011834319,10,0.8716564481648358,91,7,-1,-1,0.9285714285714286,0.865760326385498
1000,0.01120508875739645,2,0.9195156893996413,97,42,0,-1,0.697841726618705,0.9531575441360474
1001,0.01120508875739645,3,0.9365601090488801,96,12,-1,-1,0.8888888888888888,0.9421744346618652
1002,0.01120508875739645,4,1.0233274202605827,95,8,-1,-1,0.9223300970873787,0.9311914443969727
1003,0.01120508875739645,5,1.0132961528526476,93,7,-1,-1,0.93,0.9202084541320801
1004,0.01120508875739645,6,1.0023870452941581,93,7,-1,-1,0.93,0.909225344657898
1005,0.01120508875739645,7,0.9013201830976556,93,7,-1,-1,0.93,0.8982423543930054
1006,0.01120508875739645,8,0.8912907221548689,92,7,-1,-1,0.9292929292929293,0.8872592449188232
1007,0.01120508875739645,9,0.8812394240243436,91,7,-1,-1,0.9285714285714286,0.8762764930725098
1008,0.01120508875739645,10,0.8712304345264088,91,7,-1,-1,0.9285714285714286,0.8652933835983276
1009,0.01130603550295858,2,0.9208694992960631,97,40,0,-1,0.708029197080292,0.9526903629302979
1010,0.01130603550295858,3,0.9361446203236765,96,12,-1,-1,0.8888888888888888,0.9417072534561157
1011,0.01130603550295858,4,1.0238678382417599,95,7,-1,-1,0.9313725490196079,0.9307241439819336
1012,0.01130603550295858,5,1.0128326446999616,93,7,-1,-1,0.93,0.9197412729263306
1013,0.01130603550295858,6,1.001922320667975,93,7,-1,-1,0.93,0.9087580442428589
1014,0.01130603550295858,7,0.9008967042646714,93,7,-1,-1,0.93,0.8977750539779663
1015,0.01130603550295858,8,0.890866408008925,92,7,-1,-1,0.9292929292929293,0.8867920637130737
1016,0.01130603550295858,9,0.8808139461801978,91,7,-1,-1,0.9285714285714286,0.8758090734481812
1017,0.01130603550295858,10,0.8708039426398134,91,7,-1,-1,0.9285714285714286,0.864825963973999
1018,0.011406982248520709,2,0.9204765296403509,97,40,0,-1,0.708029197080292,0.9522230625152588
1019,0.011406982248520709,3,0.93572908817977,96,12,-1,-1,0.8888888888888888,0.9412400722503662
1020,0.011406982248520709,4,1.023405359282932,95,7,-1,-1,0.9313725490196079,0.9302570819854736
1021,0.011406982248520709,5,1.0123689716353752,93,7,-1,-1,0.93,0.9192739725112915
1022,0.011406982248520709,6,1.001457786370372,93,7,-1,-1,0.93,0.9082909822463989
1023,0.011406982248520709,7,0.9004733988174828,93,7,-1,-1,0.93,0.8973079919815063
1024,0.011406982248520709,8,0.8904420510019162,92,7,-1,-1,0.9292929292929293,0.8863248825073242
1025,0.011406982248520709,9,0.8803886423122342,91,7,-1,-1,0.9285714285714286,0.8753418922424316
1026,0.011406982248520709,10,0.87037773388038,91,7,-1,-1,0.9285714285714286,0.8643589019775391
1027,0.01150792899408284,2,0.9209571746433938,97,39,0,-1,0.7132352941176471,0.9517558813095093
1028,0.01150792899408284,3,0.9353135126103541,96,12,-1,-1,0.8888888888888888,0.9407728910446167
1029,0.01150792899408284,4,1.022942715874387,95,7,-1,-1,0.9313725490196079,0.9297899007797241
1030,0.01150792899408284,5,1.0119053702197427,93,7,-1,-1,0.93,0.918806791305542
1031,0.01150792899408284,6,1.0009930867197716,93,7,-1,-1,0.93,0.9078238010406494
1032,0.01150792899408284,7,0.9000499426423534,93,7,-1,-1,0.93,0.8968408107757568
1033,0.01150792899408284,8,0.8900176511273482,92,7,-1,-1,0.9292929292929293,0.8858577013015747
1034,0.01150792899408284,9,0.8799632953997308,91,7,-1,-1,0.9285714285714286,0.8748747110366821
1035,0.01150792899408284,10,0.8699513731457084,91,7,-1,-1,0.9285714285714286,0.8638917207717896
1036,0.01160887573964497,2,0.9214379349650169,97,38,0,-1,0.7185185185185186,0.9512887001037598
1037,0.01160887573964497,3,0.9348978936086212,96,12,-1,-1,0.8888888888888888,0.9403057098388672
1038,0.01160887573964497,4,1.0224799079736038,95,7,-1,-1,0.9313725490196079,0.9293226003646851
1039,0.01160887573964497,5,1.0114417221680319,93,7,-1,-1,0.93,0.9183396100997925
1040,0.01160887573964497,6,1.000528221673281,93,7,-1,-1,0.93,0.9073565006256104
1041,0.01160887573964497,7,0.8996263357001422,93,7,-1,-1,0.93,0.8963735103607178
1042,0.01160887573964497,8,0.8895932083787247,92,7,-1,-1,0.9292929292929293,0.8853905200958252
1043,0.01160887573964497,9,0.87953779688512,91,7,-1,-1,0.9285714285714286,0.8744074106216431
1044,0.01160887573964497,10,0.8695249692059466,91,7,-1,-1,0.9285714285714286,0.86342453956604
1045,0.0117098224852071,2,0.9210434206874529,97,38,0,-1,0.7185185185185186,0.9508215188980103
1046,0.0117098224852071,3,0.9353927602444408,96,11,-1,-1,0.897196261682243,0.9398385286331177
1047,0.0117098224852071,4,1.0219427433052348,94,7,-1,-1,0.9306930693069307,0.9288554191589355
1048,0.0117098224852071,5,1.010977909147605,93,7,-1,-1,0.93,0.9178723096847534
1049,0.0117098224852071,6,1.0000635470058103,93,7,-1,-1,0.93,0.9068894386291504
1050,0.0117098224852071,7,0.8992026860310361,93,7,-1,-1,0.93,0.8959062099456787
1051,0.0117098224852071,8,0.8891686144292942,92,7,-1,-1,0.9292929292929293,0.8849232196807861
1052,0.0117098224852071,9,0.8791124724149633,91,7,-1,-1,0.9285714285714286,0.8739403486251831
1053,0.0117098224852071,10,0.8690984132337144,91,7,-1,-1,0.9285714285714286,0.862957239151001
1054,0.01181076923076923,2,0.9206488567107831,97,38,0,-1,0.7185185185185186,0.9503543376922607
1055,0.01181076923076923,3,0.9349762440429393,96,11,-1,-1,0.897196261682243,0.9393713474273682
1056,0.01181076923076923,4,1.021480027981236,94,7,-1,-1,0.9306930693069307,0.928388237953186
1057,0.01181076923076923,5,1.0105141677907183,93,7,-1,-1,0.93,0.9174051284790039
1058,0.01181076923076923,6,0.9995987069283063,93,7,-1,-1,0.93,0.9064222574234009
1059,0.01181076923076923,7,0.898779101718817,93,7,-1,-1,0.93,0.8954390287399292
1060,0.01181076923076923,8,0.8887440859021231,92,7,-1,-1,0.9292929292929293,0.8844560384750366
1061,0.01181076923076923,9,0.8786867791836024,91,7,-1,-1,0.9285714285714286,0.8734729290008545
1062,0.01181076923076923,10,0.8686719228530398,91,7,-1,-1,0.9285714285714286,0.8624900579452515
1063,0.011911715976331361,2,0.921128131759246,97,37,0,-1,0.7238805970149254,0.9498871564865112
1064,0.011911715976331361,3,0.934559684665122,96,11,-1,-1,0.897196261682243,0.9389041662216187
1065,0.011911715976331361,4,1.0210172661894346,94,7,-1,-1,0.9306930693069307,0.9279210567474365
1066,0.011911715976331361,5,1.0100504981260452,93,7,-1,-1,0.93,0.916938066482544
1067,0.011911715976331361,6,0.9991337013978547,93,7,-1,-1,0.93,0.9059549570083618
1068,0.011911715976331361,7,0.8983555827897217,93,7,-1,-1,0.93,0.8949719667434692
1069,0.011911715976331361,8,0.888319406139252,92,7,-1,-1,0.9292929292929293,0.8839887380599976
1070,0.011911715976331361,9,0.8782613685895976,91,7,-1,-1,0.9285714285714286,0.8730058670043945
1071,0.011911715976331361,10,0.8681152064534763,89,7,-1,-1,0.9270833333333334,0.8620229959487915
1072,0.01201266272189349,2,0.9233621094445479,97,34,0,-1,0.7404580152671756,0.9494199752807617
1073,0.01201266272189349,3,1.028558245074263,96,10,-1,-1,0.9056603773584906,0.9384369850158691
1074,0.01201266272189349,4,1.0205544579228312,94,7,-1,-1,0.9306930693069307,0.927453875541687
1075,0.01201266272189349,5,1.0095864267369914,93,7,-1,-1,0.93,0.9164706468582153
1076,0.01201266272189349,6,0.9986687676550984,93,7,-1,-1,0.93,0.9054877758026123
1077,0.01201266272189349,7,0.8979316968218038,93,7,-1,-1,0.93,0.8945045471191406
1078,0.01201266272189349,8,0.8878950085137136,92,7,-1,-1,0.9292929292929293,0.8835217952728271
1079,0.01201266272189349,9,0.8778359149403434,91,7,-1,-1,0.9285714285714286,0.8725388050079346
1080,0.01201266272189349,10,0.867688648792273,89,7,-1,-1,0.9270833333333334,0.8615556955337524
1081,0.01211360946745562,2,0.9229643853596791,97,34,0,-1,0.7404580152671756,0.9489527940750122
1082,0.01211360946745562,3,1.0279935737465504,95,10,-1,-1,0.9047619047619048,0.9379696846008301
1083,0.01211360946745562,4,1.0200916031744236,94,7,-1,-1,0.9306930693069307,0.9269866943359375
1084,0.01211360946745562,5,1.0091227821219375,93,7,-1,-1,0.93,0.9160037040710449
1085,0.01211360946745562,6,0.9982036684213356,93,7,-1,-1,0.93,0.9050204753875732
1086,0.01211360946745562,7,0.8975080924481841,93,7,-1,-1,0.93,0.8940374851226807
1087,0.01211360946745562,8,0.8874702429332881,92,7,-1,-1,0.9292929292929293,0.8830544948577881
1088,0.01211360946745562,9,0.8774102010173306,91,7,-1,-1,0.9285714285714286,0.8720715045928955
1089,0.01211360946745562,10,0.867262047821114,89,7,-1,-1,0.9270833333333334,0.8610883951187134
1090,0.01221455621301775,2,0.92608972483536,97,30,0,-1,0.7637795275590551,0.9484854936599731
1091,0.01221455621301775,3,1.0275344172573198,95,10,-1,-1,0.9047619047619048,0.9375025033950806
1092,0.01221455621301775,4,1.0196287019372097,94,7,-1,-1,0.9306930693069307,0.926519513130188
1093,0.01221455621301775,5,1.0086587357207797,93,7,-1,-1,0.93,0.9155364036560059
1094,0.01221455621301775,6,0.997738640985014,93,7,-1,-1,0.93,0.9045532941818237
1095,0.01221455621301775,7,0.89708444535896,93,7,-1,-1,0.93,0.8935704231262207
1096,0.01221455621301775,8,0.8870455427928944,92,7,-1,-1,0.9292929292929293,0.8825873136520386
1097,0.01221455621301775,9,0.8769845525989965,91,7,-1,-1,0.9285714285714286,0.871604323387146
1098,0.01221455621301775,10,0.8667682505987253,88,7,-1,-1,0.9263157894736842,0.8606210947036743
1099,0.012315502958579881,2,0.9265731052249816,97,29,0,-1,0.7698412698412699,0.9480183124542236
1100,0.012315502958579881,3,1.0270750963390562,95,10,-1,-1,0.9047619047619048,0.9370352029800415
1101,0.012315502958579881,4,1.0191656360692036,94,7,-1,-1,0.9306930693069307,0.9260522127151489
1102,0.012315502958579881,5,1.0081947610074777,93,7,-1,-1,0.93,0.9150692224502563
1103,0.012315502958579881,6,0.9972736853749165,93,7,-1,-1,0.93,0.9040862321853638
1104,0.012315502958579881,7,0.8966607555476702,93,7,-1,-1,0.93,0.8931033611297607
1105,0.012315502958579881,8,0.8866206913469884,92,7,-1,-1,0.9292929292929293,0.8821200132369995
1106,0.012315502958579881,9,0.8765587524558189,91,7,-1,-1,0.9285714285714286,0.8711370229721069
1107,0.012315502958579881,10,0.8663421732669366,88,7,-1,-1,0.9263157894736842,0.860154390335083
1108,0.012416449704142012,2,0.9279434561626053,97,27,0,-1,0.782258064516129,0.9475511312484741
1109,0.012416449704142012,3,1.0266158453318721,95,10,-1,-1,0.9047619047619048,0.936568021774292
1110,0.012416449704142012,4,1.0187026418214946,94,7,-1,-1,0.9306930693069307,0.9255850315093994
1111,0.012416449704142012,5,1.0077306211927848,93,7,-1,-1,0.93,0.9146019220352173
1112,0.012416449704142012,6,0.9968084455510129,93,7,-1,-1,0.93,0.9036189317703247
1113,0.012416449704142012,7,0.8962366985408362,93,7,-1,-1,0.93,0.8926359415054321
1114,0.012416449704142012,8,0.886195905350004,92,7,-1,-1,0.9292929292929293,0.88165283203125
1115,0.012416449704142012,9,0.876067523749088,90,7,-1,-1,0.9278350515463918,0.870669960975647
1116,0.012416449704142012,10,0.8659152907499589,88,7,-1,-1,0.9263157894736842,0.8596868515014648
1117,0.012517396449704142,2,0.9275401907343607,97,27,0,-1,0.782258064516129,0.9470839500427246
1118,0.012517396449704142,3,1.0261565470607974,95,10,-1,-1,0.9047619047619048,0.9361008405685425
1119,0.012517396449704142,4,1.01823960106396,94,7,-1,-1,0.9306930693069307,0.9251178503036499
1120,0.012517396449704142,5,1.0072666714965672,93,7,-1,-1,0.93,0.9141348600387573
1121,0.012517396449704142,6,0.9963432775391705,93,7,-1,-1,0.93,0.9031517505645752
1122,0.012517396449704142,7,0.8958128150667154,93,7,-1,-1,0.93,0.8921687602996826
1123,0.012517396449704142,8,0.8857710764204391,92,7,-1,-1,0.9292929292929293,0.8811856508255005
1124,0.012517396449704142,9,0.8756417011313374,90,7,-1,-1,0.9278350515463918,0.8702026605606079
1125,0.012517396449704142,10,0.8654888002651995,88,7,-1,-1,0.9263157894736842,0.8592197895050049
1126,0.01261834319526627,2,0.9280237906594788,97,26,0,-1,0.7886178861788617,0.9466166496276855
1127,0.01261834319526627,3,1.0256973187344511,95,10,-1,-1,0.9047619047619048,0.9356337785720825
1128,0.01261834319526627,4,1.017776513789591,94,7,-1,-1,0.9306930693069307,0.9246506690979004
1129,0.01261834319526627,5,1.0068024382520522,93,7,-1,-1,0.93,0.9136675596237183
1130,0.01261834319526627,6,0.9958780626546556,93,7,-1,-1,0.93,0.9026845693588257
1131,0.01261834319526627,7,0.8953887806518084,93,7,-1,-1,0.93,0.8917014598846436
1132,0.01261834319526627,8,0.8853463129705987,92,7,-1,-1,0.9292929292929293,0.8807185888290405
1133,0.01261834319526627,9,0.8752160526400006,90,7,-1,-1,0.9278350515463918,0.869735598564148
1134,0.01261834319526627,10,0.8650619398437244,88,7,-1,-1,0.9263157894736842,0.8587523698806763
1135,0.012719289940828401,2,0.9285075989529451,97,25,0,-1,0.7950819672131147,0.946149468421936
1136,0.012719289940828401,3,1.0252378086977874,95,10,-1,-1,0.9047619047619048,0.9351664781570435
1137,0.012719289940828401,4,1.017237931143327,93,7,-1,-1,0.93,0.9241833686828613
1138,0.012719289940828401,5,1.006338276714854,93,7,-1,-1,0.93,0.9132003784179688
1139,0.012719289940828401,6,0.9954128008903835,93,7,-1,-1,0.93,0.9022173881530762
1140,0.012719289940828401,7,0.894964919822147,93,7,-1,-1,0.93,0.8912343978881836
1141,0.012719289940828401,8,0.8849212897375287,92,7,-1,-1,0.9292929292929293,0.8802512884140015
1142,0.012719289940828401,9,0.8747900350558635,90,7,-1,-1,0.9278350515463918,0.8692681789398193
1143,0.012719289940828401,10,0.8646352537882965,88,7,-1,-1,0.9263157894736842,0.8582851886749268
1144,0.012820236686390532,2,0.9298820813066754,97,23,0,-1,0.8083333333333333,0.9456822872161865
1145,0.012820236686390532,3,1.0247783685912546,95,10,-1,-1,0.9047619047619048,0.934699296951294
1146,0.012820236686390532,4,1.016774819379982,93,7,-1,-1,0.93,0.9237161874771118
1147,0.012820236686390532,5,1.0058739500003777,93,7,-1,-1,0.93,0.9127330780029297
1148,0.012820236686390532,6,0.9949473735018083,93,7,-1,-1,0.93,0.9017500877380371
1149,0.012820236686390532,7,0.8945410162380832,93,7,-1,-1,0.93,0.8907673358917236
1150,0.012820236686390532,8,0.8844964404118963,92,7,-1,-1,0.9292929292929293,0.8797842264175415
1151,0.012820236686390532,9,0.874364408940552,90,7,-1,-1,0.9278350515463918,0.8688012361526489
1152,0.012820236686390532,10,0.8642087421586867,88,7,-1,-1,0.9263157894736842,0.8578182458877563
1153,0.012921183431952662,2,0.9303670260468082,97,22,0,-1,0.8151260504201681,0.945215106010437
1154,0.012921183431952662,3,1.0243188811916353,95,10,-1,-1,0.9047619047619048,0.9342321157455444
1155,0.012921183431952662,4,1.0163116610544254,93,7,-1,-1,0.93,0.9232490062713623
1156,0.012921183431952662,5,1.0054096950029519,93,7,-1,-1,0.93,0.9122658967971802
1157,0.012921183431952662,6,0.9944820179447937,93,7,-1,-1,0.93,0.9012829065322876
1158,0.012921183431952662,7,0.894116853472659,93,7,-1,-1,0.93,0.8903000354766846
1159,0.012921183431952662,8,0.8840713312461695,92,7,-1,-1,0.9292929292929293,0.8793169260025024
1160,0.012921183431952662,9,0.8739384136752744,90,7,-1,-1,0.9278350515463918,0.8683339357376099
1161,0.012921183431952662,10,0.8637817515911741,88,7,-1,-1,0.9263157894736842,0.8573508262634277
1162,0.013022130177514793,2,0.929959646063917,97,22,0,-1,0.8151260504201681,0.9447479248046875
1163,0.013022130177514793,3,1.0238593464916272,95,10,-1,-1,0.9047619047619048,0.9337649345397949
1164,0.013022130177514793,4,1.015848337959026,93,7,-1,-1,0.93,0.9227817058563232
1165,0.013022130177514793,5,1.0049453932707892,93,7,-1,-1,0.93,0.9117987155914307
1166,0.013022130177514793,6,0.9940167342481511,93,7,-1,-1,0.93,0.9008158445358276
1167,0.013022130177514793,7,0.8936926478962162,93,7,-1,-1,0.93,0.8898327350616455
1168,0.013022130177514793,8,0.8836462875560382,92,7,-1,-1,0.9292929292929293,0.8788497447967529
1169,0.013022130177514793,9,0.8735124839094776,90,7,-1,-1,0.9278350515463918,0.8678667545318604
1170,0.013022130177514793,10,0.8633550443512468,88,7,-1,-1,0.9263157894736842,0.8568837642669678
1171,0.013123076923076923,2,0.9304437614719182,97,21,0,-1,0.8220338983050848,0.9442806243896484
1172,0.013123076923076923,3,1.0233996472076639,95,10,-1,-1,0.9047619047619048,0.9332976341247559
1173,0.013123076923076923,4,1.015385204688587,93,7,-1,-1,0.93,0.9223146438598633
1174,0.013123076923076923,5,1.0044810447968326,93,7,-1,-1,0.93,0.9113315343856812
1175,0.013123076923076923,6,0.9935511661206057,93,7,-1,-1,0.93,0.9003485441207886
1176,0.013123076923076923,7,0.8932685077343644,93,7,-1,-1,0.93,0.889365553855896
1177,0.013123076923076923,8,0.8832210924206222,92,7,-1,-1,0.9292929292929293,0.8783824443817139
1178,0.013123076923076923,9,0.8730864022700391,90,7,-1,-1,0.9278350515463918,0.8673994541168213
1179,0.013123076923076923,10,0.8629280759016246,88,7,-1,-1,0.9263157894736842,0.8564164638519287
1180,0.013224023668639054,2,0.9309281853682992,97,20,0,-1,0.8290598290598291,0.9438135623931885
1181,0.013224023668639054,3,1.0229400178728896,95,10,-1,-1,0.9047619047619048,0.9328304529190063
1182,0.013224023668639054,4,1.0149217884098736,93,7,-1,-1,0.93,0.9218473434448242
1183,0.013224023668639054,5,1.0040165310696587,93,7,-1,-1,0.93,0.9108642339706421
1184,0.013224023668639054,6,0.9028051543993171,93,7,-1,-1,0.93,0.8998813629150391
1185,0.013224023668639054,7,0.8928443247703769,93,7,-1,-1,0.93,0.8888983726501465
1186,0.013224023668639054,8,0.8827960712542943,92,7,-1,-1,0.9292929292929293,0.8779153823852539
1187,0.013224023668639054,9,0.8726606035606286,90,7,-1,-1,0.9278350515463918,0.8669325113296509
1188,0.013224023668639054,10,0.8624331616523558,87,7,-1,-1,0.925531914893617,0.8559492826461792
1189,0.013324970414201182,2,0.931412499584272,97,19,0,-1,0.8362068965517241,0.9433462619781494
1190,0.013324970414201182,3,1.0234817670401055,95,9,-1,-1,0.9134615384615384,0.9323632717132568
1191,0.013324970414201182,4,1.014458443753343,93,7,-1,-1,0.93,0.9213801622390747
1192,0.013324970414201182,5,1.0035522075953014,93,7,-1,-1,0.93,0.9103971719741821
1193,0.013324970414201182,6,0.902381825307526,93,7,-1,-1,0.93,0.8994140625
1194,0.013324970414201182,7,0.8924200989977745,93,7,-1,-1,0.93,0.888431191444397
1195,0.013324970414201182,8,0.8823708986296462,92,7,-1,-1,0.9292929292929293,0.8774482011795044
1196,0.013324970414201182,9,0.8722344355428039,90,7,-1,-1,0.9278350515463918,0.8664652109146118
1197,0.013324970414201182,10,0.8620062826516377,87,7,-1,-1,0.925531914893617,0.8554821014404297
1198,0.013425917159763313,2,0.9310025847001251,97,19,0,-1,0.8362068965517241,0.9428790807723999
1199,0.013425917159763313,3,1.023021142300202,95,9,-1,-1,0.9134615384615384,0.9318960905075073
1200,0.013425917159763313,4,1.013995170747635,93,7,-1,-1,0.93,0.9209131002426147
1201,0.013425917159763313,5,1.003087600325376,93,7,-1,-1,0.93,0.9099298715591431
1202,0.013425917159763313,6,0.9019585615393201,93,7,-1,-1,0.93,0.8989468812942505
1203,0.013425917159763313,7,0.891995722145212,93,7,-1,-1,0.93,0.8879638910293579
1204,0.013425917159763313,8,0.8819456830137887,92,7,-1,-1,0.9292929292929293,0.8769810199737549
1205,0.013425917159763313,9,0.8718082243093978,90,7,-1,-1,0.9278350515463918,0.8659979104995728
1206,0.013425917159763313,10,0.8615794691669799,87,7,-1,-1,0.925531914893617,0.8550150394439697
1207,0.013526863905325443,2,0.9305926245872738,97,19,0,-1,0.8362068965517241,0.9424118995666504
1208,0.013526863905325443,3,1.022560470536365,95,9,-1,-1,0.9134615384615384,0.9314289093017578
1209,0.013526863905325443,4,1.0135316146412325,93,7,-1,-1,0.93,0.9204457998275757
1210,0.013526863905325443,5,1.002623183341872,93,7,-1,-1,0.93,0.9094628095626831
1211,0.013526863905325443,6,0.9015352551015753,93,7,-1,-1,0.93,0.898479700088501
1212,0.013526863905325443,7,0.8915715190008001,93,7,-1,-1,0.93,0.887496829032898
1213,0.013526863905325443,8,0.8815204244002007,92,7,-1,-1,0.9292929292929293,0.8765138387680054
1214,0.013526863905325443,9,0.8713820785977304,90,7,-1,-1,0.9278350515463918,0.8655307292938232
1215,0.013526863905325443,10,0.8611525033186151,87,7,-1,-1,0.925531914893617,0.8545478582382202
1216,0.013627810650887574,2,0.9301826192382321,97,19,0,-1,0.8362068965517241,0.9419447183609009
1217,0.013627810650887574,3,1.0220997517413932,95,9,-1,-1,0.9134615384615384,0.9309617280960083
1218,0.013627810650887574,4,1.0130681301715918,93,7,-1,-1,0.93,0.9199786186218262
1219,0.013627810650887574,5,1.002158601053037,93,7,-1,-1,0.93,0.9089956283569336
1220,0.013627810650887574,6,0.9011119059878389,93,7,-1,-1,0.93,0.8980125188827515
1221,0.013627810650887574,7,0.8911469481900184,93,7,-1,-1,0.93,0.8870294094085693
1222,0.013627810650887574,8,0.8810950142538763,92,7,-1,-1,0.9292929292929293,0.8760465383529663
1223,0.013627810650887574,9,0.8709557809244677,90,7,-1,-1,0.9278350515463918,0.8650634288787842
1224,0.013627810650887574,10,0.860725385066665,87,7,-1,-1,0.925531914893617,0.8540805578231812
1225,0.013728757396449704,2,0.9297724640083034,97,19,0,-1,0.8362068965517241,0.9414774179458618
1226,0.013728757396449704,3,1.0226387635438137,95,8,-1,-1,0.9223300970873787,0.9304945468902588
1227,0.013728757396449704,4,1.0126045990835184,93,7,-1,-1,0.93,0.9195114374160767
1228,0.013728757396449704,5,1.0016939719800346,93,7,-1,-1,0.93,0.9085284471511841
1229,0.013728757396449704,6,0.9006885141916572,93,7,-1,-1,0.93,0.897545337677002
1230,0.013728757396449704,7,0.8907225510962737,93,7,-1,-1,0.93,0.8865622282028198
1231,0.013728757396449704,8,0.8806697781537429,92,7,-1,-1,0.9292929292929293,0.8755794763565063
1232,0.013728757396449704,9,0.8705296575477967,90,7,-1,-1,0.9278350515463918,0.8645963668823242
1233,0.013728757396449704,10,0.8602983323219736,87,7,-1,-1,0.925531914893617,0.8536133766174316
1234,0.013829704142011835,2,0.9302537541720487,97,18,0,-1,0.8434782608695652,0.9410103559494019
1235,0.013829704142011835,3,1.022176930702477,95,8,-1,-1,0.9223300970873787,0.9300272464752197
1236,0.013829704142011835,4,1.012141021369978,93,7,-1,-1,0.93,0.9190442562103271
1237,0.013829704142011835,5,1.0012291775398172,93,7,-1,-1,0.93,0.908061146736145
1238,0.013829704142011835,6,0.900264971654562,93,7,-1,-1,0.93,0.8970780372619629
1239,0.013829704142011835,7,0.890298219470081,93,7,-1,-1,0.93,0.8860951662063599
1240,0.013829704142011835,8,0.880244281957388,92,7,-1,-1,0.9292929292929293,0.8751121759414673
1241,0.013829704142011835,9,0.8701033821963864,90,7,-1,-1,0.9278350515463918,0.8641291856765747
1242,0.013829704142011835,10,0.8598019580370613,86,7,-1,-1,0.9247311827956989,0.8531460762023926
1243,0.013930650887573963,2,0.9298428261954804,97,18,0,-1,0.8434782608695652,0.9405431747436523
1244,0.013930650887573963,3,1.0217151689324786,95,8,-1,-1,0.9223300970873787,0.9295600652694702
1245,0.013930650887573963,4,1.0116773970239352,93,7,-1,-1,0.93,0.9185770750045776
1246,0.013930650887573963,5,1.000764573453258,93,7,-1,-1,0.93,0.9075940847396851
1247,0.013930650887573963,6,0.8998416025261345,93,7,-1,-1,0.93,0.8966109752655029
1248,0.013930650887573963,7,0.8898736283791923,93,7,-1,-1,0.93,0.8856278657913208
1249,0.013930650887573963,8,0.8798187427152446,92,7,-1,-1,0.9292929292929293,0.8746448755264282
1250,0.013930650887573963,9,0.869677063618582,90,7,-1,-1,0.9278350515463918,0.8636620044708252
1251,0.013930650887573963,10,0.8593748870689742,86,7,-1,-1,0.9247311827956989,0.8526788949966431
1252,0.014031597633136094,2,0.9301651834697541,96,17,-1,-1,0.8495575221238938,0.9400758743286133
1253,0.014031597633136094,3,1.0210818001903648,93,8,-1,-1,0.9207920792079208,0.9290930032730103
1254,0.014031597633136094,4,1.0112137260383538,93,7,-1,-1,0.93,0.9181098937988281
1255,0.014031597633136094,5,1.0002995667856072,93,7,-1,-1,0.93,0.9071266651153564
1256,0.014031597633136094,6,0.8994179745700748,93,7,-1,-1,0.93,0.8961436748504639
1257,0.014031597633136094,7,0.8894491027428798,93,7,-1,-1,0.93,0.8851606845855713
1258,0.014031597633136094,8,0.8793931604207805,92,7,-1,-1,0.9292929292929293,0.8741775751113892
1259,0.014031597633136094,9,0.8692507018078085,90,7,-1,-1,0.9278350515463918,0.8631948232650757
1260,0.014031597633136094,10,0.8589476636167832,86,7,-1,-1,0.9247311827956989,0.852211594581604
1261,0.014132544378698224,2,0.9297535166650315,96,17,-1,-1,0.8495575221238938,0.9396086931228638
1262,0.014132544378698224,3,1.0206199823523936,93,8,-1,-1,0.9207920792079208,0.9286257028579712
1263,0.014132544378698224,4,1.0107500084061953,93,7,-1,-1,0.93,0.9176427125930786
1264,0.014132544378698224,5,0.9998348690931734,93,7,-1,-1,0.93,0.9066596031188965
1265,0.014132544378698224,6,0.89899452005335,93,7,-1,-1,0.93,0.8956766128540039
1266,0.014132544378698224,7,0.8890246425874605,93,7,-1,-1,0.93,0.8846936225891113
1267,0.014132544378698224,8,0.8789676436508495,92,7,-1,-1,0.9292929292929293,0.8737103939056396
1268,0.014132544378698224,9,0.8688242967574886,90,7,-1,-1,0.9278350515463918,0.8627276420593262
1269,0.014132544378698224,10,0.8585207236494379,86,7,-1,-1,0.9247311827956989,0.8517446517944336
1270,0.014233491124260355,2,0.9293418050567148,96,17,-1,-1,0.8495575221238938,0.9391415119171143
1271,0.014233491124260355,3,1.0201581176775383,93,8,-1,-1,0.9207920792079208,0.9281584024429321
1272,0.014233491124260355,4,1.0102862441204208,93,7,-1,-1,0.93,0.9171755313873291
1273,0.014233491124260355,5,0.9993700059813498,93,7,-1,-1,0.93,0.906192421913147
1274,0.014233491124260355,6,0.898570914748086,93,7,-1,-1,0.93,0.8952094316482544
1275,0.014233491124260355,7,0.8885998145299252,93,7,-1,-1,0.93,0.8842262029647827
1276,0.014233491124260355,8,0.8785421924318687,92,7,-1,-1,0.9292929292929293,0.8732433319091797
1277,0.014233491124260355,9,0.8683977396399357,90,7,-1,-1,0.9278350515463918,0.8622603416442871
1278,0.014233491124260355,10,0.858093522193579,86,7,-1,-1,0.9247311827956989,0.8512774705886841
1279,0.014334437869822485,2,0.9289300486374895,96,17,-1,-1,0.8495575221238938,0.9386743307113647
1280,0.014334437869822485,3,1.0207138595237224,93,7,-1,-1,0.93,0.9276913404464722
1281,0.014334437869822485,4,1.0098224331739887,93,7,-1,-1,0.93,0.9167083501815796
1282,0.014334437869822485,5,0.9989050960429325,93,7,-1,-1,0.93,0.9057252407073975
1283,0.014334437869822485,6,0.89814715861512,93,7,-1,-1,0.93,0.8947421312332153
1284,0.014334437869822485,7,0.8881752686449715,93,7,-1,-1,0.93,0.8837591409683228
1285,0.014334437869822485,8,0.8781166981849062,92,7,-1,-1,0.9292929292929293,0.8727762699127197
1286,0.014334437869822485,9,0.8679054151381185,89,7,-1,-1,0.9270833333333334,0.8617931604385376
1287,0.014334437869822485,10,0.8575958433364298,85,7,-1,-1,0.9239130434782609,0.8508102893829346
1288,0.014435384615384616,2,0.9285182474000391,96,17,-1,-1,0.8495575221238938,0.9382071495056152
1289,0.014435384615384616,3,1.0202509790749854,93,7,-1,-1,0.93,0.9272240400314331
1290,0.014435384615384616,4,1.0093584571926824,93,7,-1,-1,0.93,0.9162410497665405
1291,0.014435384615384616,5,0.9984401392708455,93,7,-1,-1,0.93,0.905258059501648
1292,0.014435384615384616,6,0.897723467850096,93,7,-1,-1,0.93,0.8942749500274658
1293,0.014435384615384616,7,0.8877504631534846,93,7,-1,-1,0.93,0.8832918405532837
1294,0.014435384615384616,8,0.8776909436707588,92,7,-1,-1,0.9292929292929293,0.8723089694976807
1295,0.014435384615384616,9,0.8674788361763123,89,7,-1,-1,0.9270833333333334,0.8613258600234985
1296,0.014435384615384616,10,0.8571685159902834,85,7,-1,-1,0.9239130434782609,0.8503429889678955
1297,0.014536331360946744,2,0.9290044367281657,96,16,-1,-1,0.8571428571428571,0.9377398490905762
1298,0.014536331360946744,3,1.0197882882920843,93,7,-1,-1,0.93,0.9267569780349731
1299,0.014536331360946744,4,1.0088945528918962,93,7,-1,-1,0.93,0.915773868560791
1300,0.014536331360946744,5,0.9979751356580121,93,7,-1,-1,0.93,0.9047908782958984
1301,0.014536331360946744,6,0.8972997343509466,93,7,-1,-1,0.93,0.8938077688217163
1302,0.014536331360946744,7,0.8873258315239628,93,7,-1,-1,0.93,0.8828247785568237
1303,0.014536331360946744,8,0.877265037444283,92,7,-1,-1,0.9292929292929293,0.871841549873352
1304,0.014536331360946744,9,0.8670523227390429,89,7,-1,-1,0.9270833333333334,0.860858678817749
1305,0.014536331360946744,10,0.8567411450678754,85,7,-1,-1,0.9239130434782609,0.8498756885528564
1306,0.014637278106508875,2,0.9285918537382251,96,16,-1,-1,0.8571428571428571,0.9372727870941162
1307,0.014637278106508875,3,1.0193253147935455,93,7,-1,-1,0.93,0.9262896776199341
1308,0.014637278106508875,4,1.0084306019093197,93,7,-1,-1,0.93,0.9153066873550415
1309,0.014637278106508875,5,0.997510085197353,93,7,-1,-1,0.93,0.9043236970901489
1310,0.014637278106508875,6,0.8968759581112058,93,7,-1,-1,0.93,0.8933405876159668
1311,0.014637278106508875,7,0.8869009402311432,93,7,-1,-1,0.93,0.8823574781417847
1312,0.014637278106508875,8,0.8768395226575864,92,7,-1,-1,0.9292929292929293,0.8713746070861816
1313,0.014637278106508875,9,0.86662587485286,89,7,-1,-1,0.9270833333333334,0.8603916168212891
1314,0.014637278106508875,10,0.8563139486422789,85,7,-1,-1,0.9239130434782609,0.8494086265563965
1315,0.014738224852071005,2,0.9281790155554702,96,16,-1,-1,0.8571428571428571,0.9368054866790771
1316,0.014738224852071005,3,1.0188624128710033,93,7,-1,-1,0.93,0.9258224964141846
1317,0.014738224852071005,4,1.0079664858349908,93,7,-1,-1,0.93,0.9148393869400024
1318,0.014738224852071005,5,0.997044750514727,93,7,-1,-1,0.93,0.9038562774658203
1319,0.014738224852071005,6,0.8964520309742746,93,7,-1,-1,0.93,0.8928732872009277
1320,0.014738224852071005,7,0.8864761144240176,93,7,-1,-1,0.93,0.8818902969360352
1321,0.014738224852071005,8,0.8764137475401371,92,7,-1,-1,0.9292929292929293,0.8709074258804321
1322,0.014738224852071005,9,0.8661992748246553,89,7,-1,-1,0.9270833333333334,0.8599244356155396
1323,0.014738224852071005,10,0.8558865996205763,85,7,-1,-1,0.9239130434782609,0.848941445350647
1324,0.014839171597633136,2,0.9295630461618233,96,14,-1,-1,0.8727272727272727,0.9363384246826172
1325,0.014839171597633136,3,1.0183995825530594,93,7,-1,-1,0.93,0.9253554344177246
1326,0.014839171597633136,4,1.0075025598706073,93,7,-1,-1,0.93,0.9143723249435425
1327,0.014839171597633136,5,0.9965796063132585,93,7,-1,-1,0.93,0.9033890962600708
1328,0.014839171597633136,6,0.8960283855451208,93,7,-1,-1,0.93,0.8924063444137573
1329,0.014839171597633136,7,0.8860512457109239,93,7,-1,-1,0.93,0.8814231157302856
1330,0.014839171597633136,8,0.8759879293400623,92,7,-1,-1,0.9292929292929293,0.8704402446746826
1331,0.014839171597633136,9,0.8657725226146815,89,7,-1,-1,0.9270833333333334,0.8594571352005005
1332,0.014839171597633136,10,0.8554590979627508,85,7,-1,-1,0.9239130434782609,0.8484741449356079
1333,0.014940118343195266,2,0.9291485182566135,96,14,-1,-1,0.8727272727272727,0.9358711242675781
1334,0.014940118343195266,3,1.017936351280156,93,7,-1,-1,0.93,0.924888014793396
1335,0.014940118343195266,4,1.0070383503736249,93,7,-1,-1,0.93,0.9139050245285034
1336,0.014940118343195266,5,0.9961144152427166,93,7,-1,-1,0.93,0.9029219150543213
1337,0.014940118343195266,6,0.8956042647118055,93,7,-1,-1,0.93,0.8919389247894287
1338,0.014940118343195266,7,0.8856263340853616,93,7,-1,-1,0.93,0.8809559345245361
1339,0.014940118343195266,8,0.8755619593795181,92,7,-1,-1,0.9292929292929293,0.8699729442596436
1340,0.014940118343195266,9,0.865345727065118,89,7,-1,-1,0.9270833333333334,0.8589898347854614
1341,0.014940118343195266,10,0.8550316617752267,85,7,-1,-1,0.9239130434782609,0.8480069637298584
1342,0.015041065088757397,2,0.9296334085008785,96,13,-1,-1,0.8807339449541285,0.9354039430618286
1343,0.015041065088757397,3,1.0174734278919062,93,7,-1,-1,0.93,0.924420952796936
1344,0.015041065088757397,4,1.0065743310201554,93,7,-1,-1,0.93,0.9134379625320435
1345,0.015041065088757397,5,0.9956491772960171,93,7,-1,-1,0.93,0.9024547338485718
1346,0.015041065088757397,6,0.8951804256169708,93,7,-1,-1,0.93,0.8914718627929688
1347,0.015041065088757397,7,0.8852012711009181,93,7,-1,-1,0.93,0.8804886341094971
1348,0.015041065088757397,8,0.8751358376189632,92,7,-1,-1,0.9292929292929293,0.8695055246353149
1349,0.015041065088757397,9,0.8649188881693622,89,7,-1,-1,0.9270833333333334,0.8585225343704224
1350,0.015041065088757397,10,0.8546040729160002,85,7,-1,-1,0.9239130434782609,0.8475396633148193
1351,0.015142011834319525,2,0.9300045721635254,95,12,-1,-1,0.8878504672897196,0.9349367618560791
1352,0.015142011834319525,3,1.017010339804992,93,7,-1,-1,0.93,0.9239537715911865
1353,0.015142011834319525,4,1.0061100280723085,93,7,-1,-1,0.93,0.9129706621170044
1354,0.015142011834319525,5,0.9951838924660741,93,7,-1,-1,0.93,0.9019875526428223
1355,0.015142011834319525,6,0.8947564355772427,93,7,-1,-1,0.93,0.8910046815872192
1356,0.015142011834319525,7,0.8847762736199584,93,7,-1,-1,0.93,0.8800214529037476
1357,0.015142011834319525,8,0.8747101074853827,92,7,-1,-1,0.9292929292929293,0.8690385818481445
1358,0.015142011834319525,9,0.8644923326329866,89,7,-1,-1,0.9270833333333334,0.858055591583252
1359,0.015142011834319525,10,0.8541767677269342,85,7,-1,-1,0.9239130434782609,0.8470727205276489
1360,0.015242958579881656,2,0.9295884056727772,95,12,-1,-1,0.8878504672897196,0.93446946144104
1361,0.015242958579881656,3,1.0165470869767543,93,7,-1,-1,0.93,0.9234864711761475
1362,0.015242958579881656,4,1.0056457968390375,93,7,-1,-1,0.93,0.9125034809112549
1363,0.015242958579881656,5,0.9947185607458006,93,7,-1,-1,0.93,0.9015203714370728
1364,0.015242958579881656,6,0.8943322945534028,93,7,-1,-1,0.93,0.8905373811721802
1365,0.015242958579881656,7,0.8843513416688406,93,7,-1,-1,0.93,0.8795543909072876
1366,0.015242958579881656,8,0.8742840081740929,92,7,-1,-1,0.9292929292929293,0.8685712814331055
1367,0.015242958579881656,9,0.8640652981431013,89,7,-1,-1,0.9270833333333334,0.8575881719589233
1368,0.015242958579881656,10,0.8537489825552781,85,7,-1,-1,0.9239130434782609,0.8466053009033203
1369,0.015343905325443786,2,0.9290562990883375,94,12,-1,-1,0.8867924528301887,0.9340022802352905
1370,0.015343905325443786,3,1.0160839057536541,93,7,-1,-1,0.93,0.923019289970398
1371,0.015343905325443786,4,1.0051816373490572,93,7,-1,-1,0.93,0.9120364189147949
1372,0.015343905325443786,5,0.9942531821281076,93,7,-1,-1,0.93,0.9010531902313232
1373,0.015343905325443786,6,0.893908218937456,93,7,-1,-1,0.93,0.8900701999664307
1374,0.015343905325443786,7,0.8839261498555963,93,7,-1,-1,0.93,0.8790870904922485
1375,0.015343905325443786,8,0.8738579744407676,92,7,-1,-1,0.9292929292929293,0.868104100227356
1376,0.015343905325443786,9,0.8636385470436276,89,7,-1,-1,0.9270833333333334,0.8571211099624634
1377,0.015343905325443786,10,0.8533214810849454,85,7,-1,-1,0.9239130434782609,0.8461382389068604
1378,0.015444852071005917,2,0.9286403616761377,94,12,-1,-1,0.8867924528301887,0.9335352182388306
1379,0.015444852071005917,3,1.0156206779578665,93,7,-1,-1,0.93,0.9225521087646484
1380,0.015444852071005917,4,1.0047171941719941,93,7,-1,-1,0.93,0.9115691184997559
1381,0.015444852071005917,5,0.9937877566059056,93,7,-1,-1,0.93,0.9005860090255737
1382,0.015444852071005917,6,0.8934841005291442,93,7,-1,-1,0.93,0.8896030187606812
1383,0.015444852071005917,7,0.8835010235591809,93,7,-1,-1,0.93,0.878619909286499
1384,0.015444852071005917,8,0.8734317888592433,92,7,-1,-1,0.9292929292929293,0.8676367998123169
1385,0.015444852071005917,9,0.8632116436785533,89,7,-1,-1,0.9270833333333334,0.8566539287567139
1386,0.015444852071005917,10,0.8528938268939812,85,7,-1,-1,0.9239130434782609,0.8456710577011108
1387,0.015545798816568047,2,0.9282241683229521,94,12,-1,-1,0.8867924528301887,0.9330679178237915
1388,0.015545798816568047,3,1.0151574035823667,93,7,-1,-1,0.93,0.9220849275588989
1389,0.015545798816568047,4,1.0042527042258096,93,7,-1,-1,0.93,0.9111018180847168
1390,0.015545798816568047,5,0.9933222841721027,93,7,-1,-1,0.93,0.9001188278198242
1391,0.015545798816568047,6,0.8930599393219893,93,7,-1,-1,0.93,0.8891358375549316
1392,0.015545798816568047,7,0.8830757458165652,93,7,-1,-1,0.93,0.87815260887146
1393,0.015545798816568047,8,0.8730058863392312,92,7,-1,-1,0.9292929292929293,0.8671698570251465
1394,0.015545798816568047,9,0.8627848059046944,89,7,-1,-1,0.9270833333333334,0.8561868667602539
1395,0.015545798816568047,10,0.8524660199423232,85,7,-1,-1,0.9239130434782609,0.8452037572860718
1396,0.015646745562130176,2,0.927808037520553,94,12,-1,-1,0.8867924528301887,0.932600736618042
1397,0.015646745562130176,3,1.0146940826201287,93,7,-1,-1,0.93,0.9216177463531494
1398,0.015646745562130176,4,1.0037882860136698,93,7,-1,-1,0.93,0.9106346368789673
1399,0.015646745562130176,5,0.9025969509348896,93,7,-1,-1,0.93,0.8996515274047852
1400,0.015646745562130176,6,0.8926356270611276,93,7,-1,-1,0.93,0.8886685371398926
1401,0.015646745562130176,7,0.8826504250940125,93,7,-1,-1,0.93,0.8776853084564209
1402,0.015646745562130176,8,0.8725796144832902,92,7,-1,-1,0.9292929292929293,0.8667025566101074
1403,0.015646745562130176,9,0.862357706870538,89,7,-1,-1,0.9270833333333334,0.8557195663452148
1404,0.015646745562130176,10,0.8520382784921485,85,7,-1,-1,0.9239130434782609,0.8447365760803223
1405,0.015747692307692306,2,0.9283076130965356,94,11,-1,-1,0.8952380952380953,0.9321334362030029
1406,0.015747692307692306,3,1.0142307150641257,93,7,-1,-1,0.93,0.9211505651473999
1407,0.015747692307692306,4,1.003323702519982,93,7,-1,-1,0.93,0.9101673364639282
1408,0.015747692307692306,5,0.9021738168557469,93,7,-1,-1,0.93,0.8991844654083252
1409,0.015747692307692306,6,0.8922113802259248,93,7,-1,-1,0.93,0.8882013559341431
1410,0.015747692307692306,7,0.8822252784182689,93,7,-1,-1,0.93,0.8772182464599609
1411,0.015747692307692306,8,0.872153408223135,92,7,-1,-1,0.9292929292929293,0.8662353754043579
1412,0.015747692307692306,9,0.8619304554735049,89,7,-1,-1,0.9270833333333334,0.8552521467208862
1413,0.015747692307692306,10,0.8516103842456577,85,7,-1,-1,0.9239130434782609,0.8442692756652832
1414,0.015848639053254437,2,0.927890679149321,94,11,-1,-1,0.8952380952380953,0.931666374206543
1415,0.015848639053254437,3,1.0137673009073278,93,7,-1,-1,0.93,0.9206833839416504
1416,0.015848639053254437,4,1.0028593093041742,93,7,-1,-1,0.93,0.9097002744674683
1417,0.015848639053254437,5,0.9017505321183212,93,7,-1,-1,0.93,0.8987172842025757
1418,0.015848639053254437,6,0.8917870905724374,93,7,-1,-1,0.93,0.8877341747283936
1419,0.015848639053254437,7,0.8817999802658257,93,7,-1,-1,0.93,0.8767510652542114
1420,0.015848639053254437,8,0.8717271588148975,92,7,-1,-1,0.9292929292929293,0.8657681941986084
1421,0.015848639053254437,9,0.8615033786183062,89,7,-1,-1,0.9270833333333334,0.8547849655151367
1422,0.015848639053254437,10,0.851182664682963,85,7,-1,-1,0.9239130434782609,0.8438022136688232
1423,0.015949585798816567,2,0.927473489008584,94,11,-1,-1,0.8952380952380953,0.9311990737915039
1424,0.015949585798816567,3,1.013303840142705,93,7,-1,-1,0.93,0.9202162027359009
1425,0.015949585798816567,4,1.0023946322466584,93,7,-1,-1,0.93,0.9092329740524292
1426,0.015949585798816567,5,0.9013270966834972,93,7,-1,-1,0.93,0.8982499837875366
1427,0.015949585798816567,6,0.8913628663753486,93,7,-1,-1,0.93,0.8872671127319336
1428,0.015949585798816567,7,0.8813746391358346,93,7,-1,-1,0.93,0.8762838840484619
1429,0.015949585798816567,8,0.8713006486893028,92,7,-1,-1,0.9292929292929293,0.8653007745742798
1430,0.015949585798816567,9,0.8610101037336757,88,7,-1,-1,0.9263157894736842,0.8543179035186768
1431,0.015949585798816567,10,0.8506839482070374,84,7,-1,-1,0.9230769230769231,0.8433351516723633
1432,0.016050532544378698,2,0.9270563619291396,94,11,-1,-1,0.8952380952380953,0.9307318925857544
1433,0.016050532544378698,3,1.0128400962076243,93,7,-1,-1,0.93,0.9197487831115723
1434,0.016050532544378698,4,1.001930026942663,93,7,-1,-1,0.93,0.9087657928466797
1435,0.016050532544378698,5,0.9009037265833073,93,7,-1,-1,0.93,0.8977828025817871
1436,0.016050532544378698,6,0.8909382744925791,93,7,-1,-1,0.93,0.886799693107605
1437,0.016050532544378698,7,0.8809492550217808,93,7,-1,-1,0.93,0.8758167028427124
1438,0.016050532544378698,8,0.8708745305279626,92,7,-1,-1,0.9292929292929293,0.8648338317871094
1439,0.016050532544378698,9,0.8605831148282101,88,7,-1,-1,0.9263157894736842,0.8538508415222168
1440,0.016050532544378698,10,0.8502559943700504,84,7,-1,-1,0.9230769230769231,0.8428678512573242
1441,0.016151479289940828,2,0.926639191483701,94,11,-1,-1,0.8952380952380953,0.9302647113800049
1442,0.016151479289940828,3,1.0123766604721602,93,7,-1,-1,0.93,0.9192817211151123
1443,0.016151479289940828,4,1.0014653748510236,93,7,-1,-1,0.93,0.9082986116409302
1444,0.016151479289940828,5,0.9004803137974979,93,7,-1,-1,0.93,0.8973156213760376
1445,0.016151479289940828,6,0.8905139646374354,93,7,-1,-1,0.93,0.886332631111145
1446,0.016151479289940828,7,0.8805238279171483,93,7,-1,-1,0.93,0.8753495216369629
1447,0.016151479289940828,8,0.870448042832767,92,7,-1,-1,0.9292929292929293,0.8643665313720703
1448,0.016151479289940828,9,0.8601559735242631,88,7,-1,-1,0.9263157894736842,0.8533836603164673
1449,0.016151479289940828,10,0.8498281060099971,84,7,-1,-1,0.9230769230769231,0.8424006700515747
1450,0.01625242603550296,2,0.9262220841302925,94,11,-1,-1,0.8952380952380953,0.9297976493835449
1451,0.01625242603550296,3,1.0119130598299682,93,7,-1,-1,0.93,0.9188145399093628
1452,0.01625242603550296,4,1.0010009131283744,93,7,-1,-1,0.93,0.9078316688537598
1453,0.01625242603550296,5,0.9000567502622437,93,7,-1,-1,0.93,0.8968483209609985
1454,0.01625242603550296,6,0.8900895036459702,93,7,-1,-1,0.93,0.8858654499053955
1455,0.01625242603550296,7,0.8800983578154196,93,7,-1,-1,0.93,0.8748823404312134
1456,0.01625242603550296,8,0.8699583362605166,91,7,-1,-1,0.9285714285714286,0.8638993501663208
1457,0.01625242603550296,9,0.8596611049759623,87,7,-1,-1,0.925531914893617,0.8529163599014282
1458,0.01625242603550296,10,0.8493274147706366,83,7,-1,-1,0.9222222222222223,0.8419331312179565
1459,0.01635337278106509,2,0.9258047204677878,94,11,-1,-1,0.8952380952380953,0.9293303489685059
1460,0.01635337278106509,3,1.0114492942383146,93,7,-1,-1,0.93,0.9183472394943237
1461,0.01635337278106509,4,1.0005359302765398,93,7,-1,-1,0.93,0.9073642492294312
1462,0.01635337278106509,5,0.8996333601431963,93,7,-1,-1,0.93,0.8963812589645386
1463,0.01635337278106509,6,0.8896648914788962,93,7,-1,-1,0.93,0.8853981494903564
1464,0.01635337278106509,7,0.879672844710076,93,7,-1,-1,0.93,0.8744151592254639
1465,0.01635337278106509,8,0.8695318242167712,91,7,-1,-1,0.9285714285714286,0.8634320497512817
1466,0.01635337278106509,9,0.859233943936785,87,7,-1,-1,0.925531914893617,0.8524491786956787
1467,0.01635337278106509,10,0.8488997303316759,83,7,-1,-1,0.9222222222222223,0.8414661884307861
1468,0.01645431952662722,2,0.9253874198837829,94,11,-1,-1,0.8952380952380953,0.9288631677627563
1469,0.01645431952662722,3,1.0109856003052586,93,7,-1,-1,0.93,0.9178800582885742
1470,0.01645431952662722,4,1.0000712563852958,93,7,-1,-1,0.93,0.9068971872329712
1471,0.01645431952662722,5,0.8992098192617881,93,7,-1,-1,0.93,0.8959140777587891
1472,0.01645431952662722,6,0.8892403447685835,93,7,-1,-1,0.93,0.8849309682846069
1473,0.01645431952662722,7,0.8792472885945972,93,7,-1,-1,0.93,0.8739479780197144
1474,0.01645431952662722,8,0.8691055954013163,91,7,-1,-1,0.9285714285714286,0.8629651069641113
1475,0.01645431952662722,9,0.8588067394285104,87,7,-1,-1,0.925531914893617,0.8519819974899292
1476,0.01645431952662722,10,0.848471674588135,83,7,-1,-1,0.9222222222222223,0.8409988880157471
1477,0.01655526627218935,2,0.924969969408718,94,11,-1,-1,0.8952380952380953,0.9283958673477173
1478,0.01655526627218935,3,1.0105218597221628,93,7,-1,-1,0.93,0.9174128770828247
1479,0.01655526627218935,4,0.9996062984666465,93,7,-1,-1,0.93,0.9064298868179321
1480,0.01655526627218935,5,0.8987861275788663,93,7,-1,-1,0.93,0.89544677734375
1481,0.01655526627218935,6,0.8888157551945784,93,7,-1,-1,0.93,0.8844637870788574
1482,0.01655526627218935,7,0.8788215808580608,93,7,-1,-1,0.93,0.8734806776046753
1483,0.01655526627218935,8,0.8686788880852159,91,7,-1,-1,0.9285714285714286,0.8624976873397827
1484,0.01655526627218935,9,0.8583793824193106,87,7,-1,-1,0.925531914893617,0.8515146970748901
1485,0.01655526627218935,10,0.8480436842914026,83,7,-1,-1,0.9222222222222223,0.8405317068099976
1486,0.016656213017751477,2,1.018009237358726,94,10,-1,-1,0.9038461538461539,0.9279288053512573
1487,0.016656213017751477,3,1.0100580724819865,93,7,-1,-1,0.93,0.9169456958770752
1488,0.016656213017751477,4,0.9991412937011008,93,7,-1,-1,0.93,0.9059625864028931
1489,0.016656213017751477,5,0.8983625012571943,93,7,-1,-1,0.93,0.8949795961380005
1490,0.016656213017751477,6,0.8883911227503896,93,7,-1,-1,0.93,0.8839966058731079
1491,0.016656213017751477,7,0.8783960473071475,93,7,-1,-1,0.93,0.8730136156082153
1492,0.016656213017751477,8,0.8682524640283783,91,7,-1,-1,0.9285714285714286,0.8620306253433228
1493,0.016656213017751477,9,0.8579520909418372,87,7,-1,-1,0.925531914893617,0.8510475158691406
1494,0.016656213017751477,10,0.8476156502424577,83,7,-1,-1,0.9222222222222223,0.840064525604248
1495,0.016757159763313607,2,1.017549159110812,94,10,-1,-1,0.9038461538461539,0.9274616241455078
1496,0.016757159763313607,3,1.0095941202165648,93,7,-1,-1,0.93,0.9164783954620361
1497,0.016757159763313607,4,0.9986763607231712,93,7,-1,-1,0.93,0.9054954051971436
1498,0.016757159763313607,5,0.8979388322111465,93,7,-1,-1,0.93,0.894512414932251
1499,0.016757159763313607,6,0.8879663390608662,93,7,-1,-1,0.93,0.8835293054580688
1500,0.016757159763313607,7,0.8779701448694056,93,7,-1,-1,0.93,0.8725461959838867
1501,0.016757159763313607,8,0.8678257790548948,91,7,-1,-1,0.9285714285714286,0.8615633249282837
1502,0.016757159763313607,9,0.8575248650227407,87,7,-1,-1,0.925531914893617,0.8505804538726807
1503,0.016757159763313607,10,0.8471874631976184,83,7,-1,-1,0.9222222222222223,0.839597225189209
1504,0.016858106508875738,2,1.0170889160082155,94,10,-1,-1,0.9038461538461539,0.9269943237304688
1505,0.016858106508875738,3,1.009130358002226,93,7,-1,-1,0.93,0.9160113334655762
1506,0.016858106508875738,4,0.9982113809080904,93,7,-1,-1,0.93,0.905028223991394
1507,0.016858106508875738,5,0.8975151204342589,93,7,-1,-1,0.93,0.8940452337265015
1508,0.016858106508875738,6,0.887541729225485,93,7,-1,-1,0.93,0.8830622434616089
1509,0.016858106508875738,7,0.8775445252635403,93,7,-1,-1,0.93,0.8720791339874268
1510,0.016858106508875738,8,0.8673990508215071,91,7,-1,-1,0.9285714285714286,0.8610960245132446
1511,0.016858106508875738,9,0.8570972684547328,87,7,-1,-1,0.925531914893617,0.850113034248352
1512,0.016858106508875738,10,0.8467595601092296,83,7,-1,-1,0.9222222222222223,0.8391302824020386
1513,0.01695905325443787,2,1.0166287428615068,94,10,-1,-1,0.9038461538461539,0.9265271425247192
1514,0.01695905325443787,3,1.0086664307485542,93,7,-1,-1,0.93,0.9155441522598267
1515,0.01695905325443787,4,0.9977463542487804,93,7,-1,-1,0.93,0.9045610427856445
1516,0.01695905325443787,5,0.8970913659200668,93,7,-1,-1,0.93,0.893578052520752
1517,0.01695905325443787,6,0.8871168597412344,93,7,-1,-1,0.93,0.8825949430465698
1518,0.01695905325443787,7,0.8771187539885548,93,7,-1,-1,0.93,0.8716119527816772
1519,0.01695905325443787,8,0.8668425871886348,89,7,-1,-1,0.9270833333333334,0.8606289625167847
1520,0.01695905325443787,9,0.8566699555487985,87,7,-1,-1,0.925531914893617,0.8496459722518921
1521,0.01695905325443787,10,0.8463312855152475,83,7,-1,-1,0.9222222222222223,0.8386629819869995
1522,0.01706,2,1.0161685222604446,94,10,-1,-1,0.9038461538461539,0.9260599613189697
1523,0.01706,3,1.008202338412768,93,7,-1,-1,0.93,0.9150768518447876
1524,0.01706,4,0.9972812807381621,93,7,-1,-1,0.93,0.904093861579895
1525,0.01706,5,0.8966674605175163,93,7,-1,-1,0.93,0.8931107521057129
1526,0.01706,6,0.8866920557404179,93,7,-1,-1,0.93,0.8821277618408203
1527,0.01706,7,0.876692939664284,93,7,-1,-1,0.93,0.8711447715759277
1528,0.01706,8,0.8664159003072484,89,7,-1,-1,0.9270833333333334,0.8601616621017456
1529,0.01706,9,0.8562425991561325,87,7,-1,-1,0.925531914893617,0.8491789102554321
1530,0.01706,10,0.8459030763903453,83,7,-1,-1,0.9222222222222223,0.83819580078125
